{"offline_id": "d66e75c2693742f9bb26a07564b3077b", "project_name": "yolov5", "start_time": 1713275932772, "stop_time": 1713275964699, "tags": [], "workspace": null, "resume_strategy": "create", "customer_error_reported": true, "customer_error_message": "Unexpected error detected in the user script: AssertionError('Label class 2 exceeds nc=1 in C:\\\\Users\\\\Drum0\\\\Desktop\\\\cattle-detection.v1i.yolov5pytorch\\\\data.yaml. Possible class labels are 0-0')", "user_provided_experiment_key": false, "comet_start_sourced": false}