{"payload":{"installed_packages":["attrs==23.2.0","brotli==1.0.9","certifi==2024.2.2","charset-normalizer==2.0.4","colorama==0.4.6","comet-ml==3.39.1","configobj==5.0.8","contourpy==1.1.1","cycler==0.12.1","dulwich==0.21.7","everett==3.1.0","filelock==3.13.1","fonttools==4.50.0","fsspec==2024.3.1","gitdb==4.0.11","gitpython==3.1.42","gmpy2==2.1.2","idna==3.4","importlib-resources==6.3.2","jinja2==3.1.3","jsonschema==4.21.1","jsonschema-specifications==2023.12.1","kiwisolver==1.4.5","markdown-it-py==3.0.0","markupsafe==2.1.3","matplotlib==3.7.5","mdurl==0.1.2","mkl-fft==1.3.8","mkl-random==1.2.4","mkl-service==2.4.0","mpmath==1.3.0","networkx==3.1","numpy==1.24.3","opencv-python==4.9.0.80","packaging==24.0","pandas==2.0.3","pillow==10.3.0","pip==23.3.1","pkgutil-resolve-name==1.3.10","psutil==5.9.8","py-cpuinfo==9.0.0","pygments==2.17.2","pyparsing==3.1.2","pysocks==1.7.1","python-box==6.1.0","python-dateutil==2.9.0.post0","pytz==2024.1","pyyaml==6.0.1","referencing==0.34.0","requests==2.31.0","requests-toolbelt==1.0.0","rich==13.7.1","rpds-py==0.18.0","scipy==1.10.1","seaborn==0.13.2","semantic-version==2.10.0","sentry-sdk==1.43.0","setuptools==68.2.2","simplejson==3.19.2","six==1.16.0","smmap==5.0.1","sympy==1.12","thop==0.1.1.post2209072238","torch==2.2.1","torchaudio==2.2.1","torchvision==0.17.1","tqdm==4.66.2","typing-extensions==4.9.0","tzdata==2024.1","ultralytics==8.1.29","urllib3==2.1.0","websocket-client==1.3.3","wheel==0.41.2","win-inet-pton==1.1.0","wrapt==1.16.0","wurlitzer==3.0.3","zipp==3.18.1"],"local_timestamp":1713275932773,"message_id":1},"type":"ws_msg"}
{"payload":{"env_details":{"command":["train.py","--img","640","--batch","16","--epochs","5","--data","C:\\Users\\Drum0\\Desktop\\cattle-detection.v1i.yolov5pytorch\\data.yaml","--weights","C:\\Users\\Drum0\\yolov5\\runs\\train\\exp9\\weights\\best.pt","--name","exp10"],"env":null,"hostname":"MSI","ip":"192.168.1.5","machine":"AMD64","os":"Windows-10-10.0.22631-SP0","os_release":"10","os_type":"Windows","pid":27272,"processor":"Intel64 Family 6 Model 154 Stepping 3, GenuineIntel","python_exe":"C:\\Users\\Drum0\\anaconda3\\envs\\yolov5\\python.exe","python_version":"3.8.18","python_version_verbose":"3.8.18 (default, Sep 11 2023, 13:39:12) [MSC v.1916 64 bit (AMD64)]","user":"Drum0"},"local_timestamp":1713275932791,"message_id":2},"type":"ws_msg"}
{"payload":{"gpu_static_info":[{"gpu_index":0,"name":"NVIDIA GeForce RTX 3080 Laptop GPU","power_limit":150000,"total_memory":8589934592,"uuid":"GPU-6ddcb604-f027-c3ce-6e37-ae7c285eca30"}],"local_timestamp":1713275932819,"message_id":3},"type":"ws_msg"}
{"payload":{"local_timestamp":1713275932819,"message_id":4,"metric":{"epoch":null,"metricName":"sys.gpu.0.total_memory","metricValue":8589934592,"step":null}},"type":"metric_msg"}
{"payload":{"local_timestamp":1713275932821,"message_id":5,"param":{"paramName":"img","paramValue":640,"source":"cli","step":null}},"type":"parameter_msg"}
{"payload":{"local_timestamp":1713275932822,"message_id":6,"param":{"paramName":"batch","paramValue":16,"source":"cli","step":null}},"type":"parameter_msg"}
{"payload":{"local_timestamp":1713275932822,"message_id":7,"param":{"paramName":"epochs","paramValue":5,"source":"cli","step":null}},"type":"parameter_msg"}
{"payload":{"local_timestamp":1713275932822,"message_id":8,"param":{"paramName":"data","paramValue":"C:\\Users\\Drum0\\Desktop\\cattle-detection.v1i.yolov5pytorch\\data.yaml","source":"cli","step":null}},"type":"parameter_msg"}
{"payload":{"local_timestamp":1713275932822,"message_id":9,"param":{"paramName":"weights","paramValue":"C:\\Users\\Drum0\\yolov5\\runs\\train\\exp9\\weights\\best.pt","source":"cli","step":null}},"type":"parameter_msg"}
{"payload":{"local_timestamp":1713275932822,"message_id":10,"param":{"paramName":"name","paramValue":"exp10","source":"cli","step":null}},"type":"parameter_msg"}
{"payload":{"local_timestamp":1713275932822,"log_other":{"key":"offline_experiment","val":true},"message_id":11},"type":"ws_msg"}
{"payload":{"local_timestamp":1713275932822,"log_other":{"key":"Name","val":"exp10"},"message_id":12},"type":"ws_msg"}
{"payload":{"local_timestamp":1713275932824,"message_id":13,"metric":{"epoch":null,"metricName":"sys.gpu.0.gpu_utilization","metricValue":26,"step":null}},"type":"metric_msg"}
{"payload":{"local_timestamp":1713275932824,"message_id":14,"metric":{"epoch":null,"metricName":"sys.gpu.0.power_usage","metricValue":28044,"step":null}},"type":"metric_msg"}
{"payload":{"local_timestamp":1713275932824,"message_id":15,"metric":{"epoch":null,"metricName":"sys.gpu.0.temperature","metricValue":48,"step":null}},"type":"metric_msg"}
{"payload":{"local_timestamp":1713275932824,"message_id":16,"metric":{"epoch":null,"metricName":"sys.gpu.0.memory_utilization","metricValue":5,"step":null}},"type":"metric_msg"}
{"payload":{"local_timestamp":1713275932824,"message_id":17,"metric":{"epoch":null,"metricName":"sys.gpu.0.free_memory","metricValue":6488010752,"step":null}},"type":"metric_msg"}
{"payload":{"local_timestamp":1713275932824,"message_id":18,"metric":{"epoch":null,"metricName":"sys.gpu.0.used_memory","metricValue":2101923840,"step":null}},"type":"metric_msg"}
{"payload":{"local_timestamp":1713275932824,"message_id":19,"metric":{"epoch":null,"metricName":"sys.gpu.0.percent.used_memory","metricValue":24.469614028930664,"step":null}},"type":"metric_msg"}
{"payload":{"additional_params":{"assetId":"2dd307a41f514b7896d05891c27e2b31","context":null,"extension":"yaml","fileName":"data.yaml","overwrite":false,"runId":null,"step":null},"clean":true,"file_path":"tmpdyb1qvst","local_timestamp":1713275932825,"message_id":20,"metadata":{"type":"data-config-file"},"upload_type":"asset"},"type":"file_upload"}
{"payload":{"local_timestamp":1713275932830,"log_other":{"key":"Created from","val":"YOLOv5"},"message_id":21},"type":"ws_msg"}
{"payload":{"local_timestamp":1713275932830,"log_other":{"key":"hasNestedParams","val":true},"message_id":22},"type":"ws_msg"}
{"payload":{"local_timestamp":1713275932830,"message_id":23,"param":{"paramName":"artifact_alias","paramValue":"latest","source":"manual","step":null}},"type":"parameter_msg"}
{"payload":{"local_timestamp":1713275932830,"message_id":24,"param":{"paramName":"batch_size","paramValue":16,"source":"manual","step":null}},"type":"parameter_msg"}
{"payload":{"local_timestamp":1713275932830,"message_id":25,"param":{"paramName":"bbox_interval","paramValue":-1,"source":"manual","step":null}},"type":"parameter_msg"}
{"payload":{"local_timestamp":1713275932830,"message_id":26,"param":{"paramName":"bucket","paramValue":"","source":"manual","step":null}},"type":"parameter_msg"}
{"payload":{"local_timestamp":1713275932830,"message_id":27,"param":{"paramName":"cache","paramValue":null,"source":"manual","step":null}},"type":"parameter_msg"}
{"payload":{"local_timestamp":1713275932830,"message_id":28,"param":{"paramName":"cfg","paramValue":"","source":"manual","step":null}},"type":"parameter_msg"}
{"payload":{"local_timestamp":1713275932830,"message_id":29,"param":{"paramName":"cos_lr","paramValue":false,"source":"manual","step":null}},"type":"parameter_msg"}
{"payload":{"local_timestamp":1713275932830,"message_id":30,"param":{"paramName":"device","paramValue":"","source":"manual","step":null}},"type":"parameter_msg"}
{"payload":{"local_timestamp":1713275932830,"message_id":31,"param":{"paramName":"entity","paramValue":null,"source":"manual","step":null}},"type":"parameter_msg"}
{"payload":{"local_timestamp":1713275932830,"message_id":32,"param":{"paramName":"evolve","paramValue":null,"source":"manual","step":null}},"type":"parameter_msg"}
{"payload":{"local_timestamp":1713275932830,"message_id":33,"param":{"paramName":"evolve_population","paramValue":"data\\hyps","source":"manual","step":null}},"type":"parameter_msg"}
{"payload":{"local_timestamp":1713275932830,"message_id":34,"param":{"paramName":"exist_ok","paramValue":false,"source":"manual","step":null}},"type":"parameter_msg"}
{"payload":{"local_timestamp":1713275932830,"message_id":35,"params":{"paramName":"freeze","paramValue":[0],"source":"manual","step":null}},"type":"parameter_msg"}
{"payload":{"local_timestamp":1713275932830,"message_id":36,"param":{"paramName":"hyp|anchor_t","paramValue":4.0,"source":"manual","step":null}},"type":"parameter_msg"}
{"payload":{"local_timestamp":1713275932830,"message_id":37,"param":{"paramName":"hyp|box","paramValue":0.05,"source":"manual","step":null}},"type":"parameter_msg"}
{"payload":{"local_timestamp":1713275932830,"message_id":38,"param":{"paramName":"hyp|cls","paramValue":0.5,"source":"manual","step":null}},"type":"parameter_msg"}
{"payload":{"local_timestamp":1713275932830,"message_id":39,"param":{"paramName":"hyp|cls_pw","paramValue":1.0,"source":"manual","step":null}},"type":"parameter_msg"}
{"payload":{"local_timestamp":1713275932830,"message_id":40,"param":{"paramName":"hyp|copy_paste","paramValue":0.0,"source":"manual","step":null}},"type":"parameter_msg"}
{"payload":{"local_timestamp":1713275932830,"message_id":41,"param":{"paramName":"hyp|degrees","paramValue":0.0,"source":"manual","step":null}},"type":"parameter_msg"}
{"payload":{"local_timestamp":1713275932830,"message_id":42,"param":{"paramName":"hyp|fl_gamma","paramValue":0.0,"source":"manual","step":null}},"type":"parameter_msg"}
{"payload":{"local_timestamp":1713275932830,"message_id":43,"param":{"paramName":"hyp|fliplr","paramValue":0.5,"source":"manual","step":null}},"type":"parameter_msg"}
{"payload":{"local_timestamp":1713275932831,"message_id":44,"param":{"paramName":"hyp|flipud","paramValue":0.0,"source":"manual","step":null}},"type":"parameter_msg"}
{"payload":{"local_timestamp":1713275932831,"message_id":45,"param":{"paramName":"hyp|hsv_h","paramValue":0.015,"source":"manual","step":null}},"type":"parameter_msg"}
{"payload":{"local_timestamp":1713275932831,"message_id":46,"param":{"paramName":"hyp|hsv_s","paramValue":0.7,"source":"manual","step":null}},"type":"parameter_msg"}
{"payload":{"local_timestamp":1713275932831,"message_id":47,"param":{"paramName":"hyp|hsv_v","paramValue":0.4,"source":"manual","step":null}},"type":"parameter_msg"}
{"payload":{"local_timestamp":1713275932831,"message_id":48,"param":{"paramName":"hyp|iou_t","paramValue":0.2,"source":"manual","step":null}},"type":"parameter_msg"}
{"payload":{"local_timestamp":1713275932831,"message_id":49,"param":{"paramName":"hyp|lr0","paramValue":0.01,"source":"manual","step":null}},"type":"parameter_msg"}
{"payload":{"local_timestamp":1713275932831,"message_id":50,"param":{"paramName":"hyp|lrf","paramValue":0.01,"source":"manual","step":null}},"type":"parameter_msg"}
{"payload":{"local_timestamp":1713275932831,"message_id":51,"param":{"paramName":"hyp|mixup","paramValue":0.0,"source":"manual","step":null}},"type":"parameter_msg"}
{"payload":{"local_timestamp":1713275932831,"message_id":52,"param":{"paramName":"hyp|momentum","paramValue":0.937,"source":"manual","step":null}},"type":"parameter_msg"}
{"payload":{"local_timestamp":1713275932831,"message_id":53,"param":{"paramName":"hyp|mosaic","paramValue":1.0,"source":"manual","step":null}},"type":"parameter_msg"}
{"payload":{"local_timestamp":1713275932831,"message_id":54,"param":{"paramName":"hyp|obj","paramValue":1.0,"source":"manual","step":null}},"type":"parameter_msg"}
{"payload":{"local_timestamp":1713275932831,"message_id":55,"param":{"paramName":"hyp|obj_pw","paramValue":1.0,"source":"manual","step":null}},"type":"parameter_msg"}
{"payload":{"local_timestamp":1713275932831,"message_id":56,"param":{"paramName":"hyp|perspective","paramValue":0.0,"source":"manual","step":null}},"type":"parameter_msg"}
{"payload":{"local_timestamp":1713275932831,"message_id":57,"param":{"paramName":"hyp|scale","paramValue":0.5,"source":"manual","step":null}},"type":"parameter_msg"}
{"payload":{"local_timestamp":1713275932831,"message_id":58,"param":{"paramName":"hyp|shear","paramValue":0.0,"source":"manual","step":null}},"type":"parameter_msg"}
{"payload":{"local_timestamp":1713275932831,"message_id":59,"param":{"paramName":"hyp|translate","paramValue":0.1,"source":"manual","step":null}},"type":"parameter_msg"}
{"payload":{"local_timestamp":1713275932831,"message_id":60,"param":{"paramName":"hyp|warmup_bias_lr","paramValue":0.1,"source":"manual","step":null}},"type":"parameter_msg"}
{"payload":{"local_timestamp":1713275932831,"message_id":61,"param":{"paramName":"hyp|warmup_epochs","paramValue":3.0,"source":"manual","step":null}},"type":"parameter_msg"}
{"payload":{"local_timestamp":1713275932831,"message_id":62,"param":{"paramName":"hyp|warmup_momentum","paramValue":0.8,"source":"manual","step":null}},"type":"parameter_msg"}
{"payload":{"local_timestamp":1713275932831,"message_id":63,"param":{"paramName":"hyp|weight_decay","paramValue":0.0005,"source":"manual","step":null}},"type":"parameter_msg"}
{"payload":{"local_timestamp":1713275932831,"message_id":64,"param":{"paramName":"image_weights","paramValue":false,"source":"manual","step":null}},"type":"parameter_msg"}
{"payload":{"local_timestamp":1713275932831,"message_id":65,"param":{"paramName":"imgsz","paramValue":640,"source":"manual","step":null}},"type":"parameter_msg"}
{"payload":{"local_timestamp":1713275932831,"message_id":66,"param":{"paramName":"label_smoothing","paramValue":0.0,"source":"manual","step":null}},"type":"parameter_msg"}
{"payload":{"local_timestamp":1713275932831,"message_id":67,"param":{"paramName":"local_rank","paramValue":-1,"source":"manual","step":null}},"type":"parameter_msg"}
{"payload":{"local_timestamp":1713275932831,"message_id":68,"param":{"paramName":"multi_scale","paramValue":false,"source":"manual","step":null}},"type":"parameter_msg"}
{"payload":{"local_timestamp":1713275932831,"message_id":69,"param":{"paramName":"ndjson_console","paramValue":false,"source":"manual","step":null}},"type":"parameter_msg"}
{"payload":{"local_timestamp":1713275932831,"message_id":70,"param":{"paramName":"ndjson_file","paramValue":false,"source":"manual","step":null}},"type":"parameter_msg"}
{"payload":{"local_timestamp":1713275932831,"message_id":71,"param":{"paramName":"noautoanchor","paramValue":false,"source":"manual","step":null}},"type":"parameter_msg"}
{"payload":{"local_timestamp":1713275932831,"message_id":72,"param":{"paramName":"noplots","paramValue":false,"source":"manual","step":null}},"type":"parameter_msg"}
{"payload":{"local_timestamp":1713275932831,"message_id":73,"param":{"paramName":"nosave","paramValue":false,"source":"manual","step":null}},"type":"parameter_msg"}
{"payload":{"local_timestamp":1713275932831,"message_id":74,"param":{"paramName":"noval","paramValue":false,"source":"manual","step":null}},"type":"parameter_msg"}
{"payload":{"local_timestamp":1713275932831,"message_id":75,"param":{"paramName":"optimizer","paramValue":"SGD","source":"manual","step":null}},"type":"parameter_msg"}
{"payload":{"local_timestamp":1713275932831,"message_id":76,"param":{"paramName":"patience","paramValue":100,"source":"manual","step":null}},"type":"parameter_msg"}
{"payload":{"local_timestamp":1713275932831,"message_id":77,"param":{"paramName":"project","paramValue":"runs\\train","source":"manual","step":null}},"type":"parameter_msg"}
{"payload":{"local_timestamp":1713275932831,"message_id":78,"param":{"paramName":"quad","paramValue":false,"source":"manual","step":null}},"type":"parameter_msg"}
{"payload":{"local_timestamp":1713275932831,"message_id":79,"param":{"paramName":"rect","paramValue":false,"source":"manual","step":null}},"type":"parameter_msg"}
{"payload":{"local_timestamp":1713275932831,"message_id":80,"param":{"paramName":"resume","paramValue":false,"source":"manual","step":null}},"type":"parameter_msg"}
{"payload":{"local_timestamp":1713275932831,"message_id":81,"param":{"paramName":"resume_evolve","paramValue":null,"source":"manual","step":null}},"type":"parameter_msg"}
{"payload":{"local_timestamp":1713275932831,"message_id":82,"param":{"paramName":"save_dir","paramValue":"runs\\train\\exp105","source":"manual","step":null}},"type":"parameter_msg"}
{"payload":{"local_timestamp":1713275932831,"message_id":83,"param":{"paramName":"save_period","paramValue":-1,"source":"manual","step":null}},"type":"parameter_msg"}
{"payload":{"local_timestamp":1713275932831,"message_id":84,"param":{"paramName":"seed","paramValue":0,"source":"manual","step":null}},"type":"parameter_msg"}
{"payload":{"local_timestamp":1713275932831,"message_id":85,"param":{"paramName":"single_cls","paramValue":false,"source":"manual","step":null}},"type":"parameter_msg"}
{"payload":{"local_timestamp":1713275932831,"message_id":86,"param":{"paramName":"sync_bn","paramValue":false,"source":"manual","step":null}},"type":"parameter_msg"}
{"payload":{"local_timestamp":1713275932831,"message_id":87,"param":{"paramName":"upload_dataset","paramValue":false,"source":"manual","step":null}},"type":"parameter_msg"}
{"payload":{"local_timestamp":1713275932831,"message_id":88,"param":{"paramName":"workers","paramValue":8,"source":"manual","step":null}},"type":"parameter_msg"}
{"payload":{"local_timestamp":1713275932831,"message_id":89,"param":{"paramName":"anchor_t","paramValue":4.0,"source":"manual","step":null}},"type":"parameter_msg"}
{"payload":{"local_timestamp":1713275932831,"message_id":90,"param":{"paramName":"box","paramValue":0.05,"source":"manual","step":null}},"type":"parameter_msg"}
{"payload":{"local_timestamp":1713275932831,"message_id":91,"param":{"paramName":"cls","paramValue":0.5,"source":"manual","step":null}},"type":"parameter_msg"}
{"payload":{"local_timestamp":1713275932831,"message_id":92,"param":{"paramName":"cls_pw","paramValue":1.0,"source":"manual","step":null}},"type":"parameter_msg"}
{"payload":{"local_timestamp":1713275932831,"message_id":93,"param":{"paramName":"copy_paste","paramValue":0.0,"source":"manual","step":null}},"type":"parameter_msg"}
{"payload":{"local_timestamp":1713275932831,"message_id":94,"param":{"paramName":"degrees","paramValue":0.0,"source":"manual","step":null}},"type":"parameter_msg"}
{"payload":{"local_timestamp":1713275932831,"message_id":95,"param":{"paramName":"fl_gamma","paramValue":0.0,"source":"manual","step":null}},"type":"parameter_msg"}
{"payload":{"local_timestamp":1713275932831,"message_id":96,"param":{"paramName":"fliplr","paramValue":0.5,"source":"manual","step":null}},"type":"parameter_msg"}
{"payload":{"local_timestamp":1713275932831,"message_id":97,"param":{"paramName":"flipud","paramValue":0.0,"source":"manual","step":null}},"type":"parameter_msg"}
{"payload":{"local_timestamp":1713275932831,"message_id":98,"param":{"paramName":"hsv_h","paramValue":0.015,"source":"manual","step":null}},"type":"parameter_msg"}
{"payload":{"local_timestamp":1713275932831,"message_id":99,"param":{"paramName":"hsv_s","paramValue":0.7,"source":"manual","step":null}},"type":"parameter_msg"}
{"payload":{"local_timestamp":1713275932831,"message_id":100,"param":{"paramName":"hsv_v","paramValue":0.4,"source":"manual","step":null}},"type":"parameter_msg"}
{"payload":{"local_timestamp":1713275932831,"message_id":101,"param":{"paramName":"iou_t","paramValue":0.2,"source":"manual","step":null}},"type":"parameter_msg"}
{"payload":{"local_timestamp":1713275932831,"message_id":102,"param":{"paramName":"lr0","paramValue":0.01,"source":"manual","step":null}},"type":"parameter_msg"}
{"payload":{"local_timestamp":1713275932831,"message_id":103,"param":{"paramName":"lrf","paramValue":0.01,"source":"manual","step":null}},"type":"parameter_msg"}
{"payload":{"local_timestamp":1713275932831,"message_id":104,"param":{"paramName":"mixup","paramValue":0.0,"source":"manual","step":null}},"type":"parameter_msg"}
{"payload":{"local_timestamp":1713275932831,"message_id":105,"param":{"paramName":"momentum","paramValue":0.937,"source":"manual","step":null}},"type":"parameter_msg"}
{"payload":{"local_timestamp":1713275932831,"message_id":106,"param":{"paramName":"mosaic","paramValue":1.0,"source":"manual","step":null}},"type":"parameter_msg"}
{"payload":{"local_timestamp":1713275932831,"message_id":107,"param":{"paramName":"obj","paramValue":1.0,"source":"manual","step":null}},"type":"parameter_msg"}
{"payload":{"local_timestamp":1713275932831,"message_id":108,"param":{"paramName":"obj_pw","paramValue":1.0,"source":"manual","step":null}},"type":"parameter_msg"}
{"payload":{"local_timestamp":1713275932831,"message_id":109,"param":{"paramName":"perspective","paramValue":0.0,"source":"manual","step":null}},"type":"parameter_msg"}
{"payload":{"local_timestamp":1713275932831,"message_id":110,"param":{"paramName":"scale","paramValue":0.5,"source":"manual","step":null}},"type":"parameter_msg"}
{"payload":{"local_timestamp":1713275932831,"message_id":111,"param":{"paramName":"shear","paramValue":0.0,"source":"manual","step":null}},"type":"parameter_msg"}
{"payload":{"local_timestamp":1713275932831,"message_id":112,"param":{"paramName":"translate","paramValue":0.1,"source":"manual","step":null}},"type":"parameter_msg"}
{"payload":{"local_timestamp":1713275932831,"message_id":113,"param":{"paramName":"warmup_bias_lr","paramValue":0.1,"source":"manual","step":null}},"type":"parameter_msg"}
{"payload":{"local_timestamp":1713275932831,"message_id":114,"param":{"paramName":"warmup_epochs","paramValue":3.0,"source":"manual","step":null}},"type":"parameter_msg"}
{"payload":{"local_timestamp":1713275932831,"message_id":115,"param":{"paramName":"warmup_momentum","paramValue":0.8,"source":"manual","step":null}},"type":"parameter_msg"}
{"payload":{"local_timestamp":1713275932831,"message_id":116,"param":{"paramName":"weight_decay","paramValue":0.0005,"source":"manual","step":null}},"type":"parameter_msg"}
{"payload":{"additional_params":{"assetId":"53825a8b7e9942648b83dd1ae7c5bad2","context":null,"epoch":null,"extension":"json","fileName":"hyperparameters.json","overwrite":false,"runId":null,"step":null},"clean":true,"file_path":"tmpnev93n_4","local_timestamp":1713275932841,"message_id":117,"metadata":{"type":"hyp-config-file"},"upload_type":"asset"},"type":"file_upload"}
{"payload":{"additional_params":{"assetId":"b53128190d0a4f539bba146eb4201456","context":null,"extension":"yaml","fileName":"opt.yaml","overwrite":false,"runId":null,"step":null},"clean":true,"file_path":"tmp_q9201nq","local_timestamp":1713275932834,"message_id":118,"metadata":{"type":"opt-config-file"},"upload_type":"asset"},"type":"file_upload"}
{"payload":{"local_timestamp":1713275932834,"message_id":119,"param":{"paramName":"val_conf_threshold","paramValue":0.001,"source":"manual","step":null}},"type":"parameter_msg"}
{"payload":{"local_timestamp":1713275932834,"message_id":120,"param":{"paramName":"val_iou_threshold","paramValue":0.6,"source":"manual","step":null}},"type":"parameter_msg"}
{"payload":{"local_timestamp":1713275932834,"log_other":{"key":"comet_mode","val":"online"},"message_id":121},"type":"ws_msg"}
{"payload":{"local_timestamp":1713275932834,"log_other":{"key":"comet_max_image_uploads","val":100},"message_id":122},"type":"ws_msg"}
{"payload":{"local_timestamp":1713275932834,"log_other":{"key":"comet_log_per_class_metrics","val":false},"message_id":123},"type":"ws_msg"}
{"payload":{"local_timestamp":1713275932834,"log_other":{"key":"comet_log_batch_metrics","val":false},"message_id":124},"type":"ws_msg"}
{"payload":{"local_timestamp":1713275932834,"log_other":{"key":"comet_log_confusion_matrix","val":true},"message_id":125},"type":"ws_msg"}
{"payload":{"local_timestamp":1713275932834,"log_other":{"key":"comet_model_name","val":"yolov5"},"message_id":126},"type":"ws_msg"}
{"payload":{"local_timestamp":1713275932882,"message_id":127,"stderr":true,"stdout":"Overriding model.yaml nc=3 with nc=1\n"},"type":"ws_msg"}
{"payload":{"local_timestamp":1713275932882,"message_id":128,"stderr":true,"stdout":"\n                 from  n    params  module                                  arguments                     \n"},"type":"ws_msg"}
{"payload":{"local_timestamp":1713275932884,"message_id":129,"stderr":true,"stdout":"  0                -1  1      3520  models.common.Conv                      [3, 32, 6, 2, 2]              \n"},"type":"ws_msg"}
{"payload":{"local_timestamp":1713275932884,"message_id":130,"stderr":true,"stdout":"  1                -1  1     18560  models.common.Conv                      [32, 64, 3, 2]                \n"},"type":"ws_msg"}
{"payload":{"local_timestamp":1713275932887,"message_id":131,"stderr":true,"stdout":"  2                -1  1     18816  models.common.C3                        [64, 64, 1]                   \n"},"type":"ws_msg"}
{"payload":{"local_timestamp":1713275932889,"message_id":132,"stderr":true,"stdout":"  3                -1  1     73984  models.common.Conv                      [64, 128, 3, 2]               \n"},"type":"ws_msg"}
{"payload":{"local_timestamp":1713275932893,"message_id":133,"stderr":true,"stdout":"  4                -1  2    115712  models.common.C3                        [128, 128, 2]                 \n"},"type":"ws_msg"}
{"payload":{"local_timestamp":1713275932895,"message_id":134,"stderr":true,"stdout":"  5                -1  1    295424  models.common.Conv                      [128, 256, 3, 2]              \n"},"type":"ws_msg"}
{"payload":{"local_timestamp":1713275932902,"message_id":135,"stderr":true,"stdout":"  6                -1  3    625152  models.common.C3                        [256, 256, 3]                 \n"},"type":"ws_msg"}
{"payload":{"local_timestamp":1713275932908,"message_id":136,"stderr":true,"stdout":"  7                -1  1   1180672  models.common.Conv                      [256, 512, 3, 2]              \n"},"type":"ws_msg"}
{"payload":{"local_timestamp":1713275932913,"message_id":137,"stderr":true,"stdout":"  8                -1  1   1182720  models.common.C3                        [512, 512, 1]                 \n"},"type":"ws_msg"}
{"payload":{"local_timestamp":1713275932917,"message_id":138,"stderr":true,"stdout":"  9                -1  1    656896  models.common.SPPF                      [512, 512, 5]                 \n"},"type":"ws_msg"}
{"payload":{"local_timestamp":1713275932918,"message_id":139,"stderr":true,"stdout":" 10                -1  1    131584  models.common.Conv                      [512, 256, 1, 1]              \n"},"type":"ws_msg"}
{"payload":{"local_timestamp":1713275932919,"message_id":140,"stderr":true,"stdout":" 11                -1  1         0  torch.nn.modules.upsampling.Upsample    [None, 2, 'nearest']          \n"},"type":"ws_msg"}
{"payload":{"local_timestamp":1713275932919,"message_id":141,"stderr":true,"stdout":" 12           [-1, 6]  1         0  models.common.Concat                    [1]                           \n"},"type":"ws_msg"}
{"payload":{"local_timestamp":1713275932923,"message_id":142,"stderr":true,"stdout":" 13                -1  1    361984  models.common.C3                        [512, 256, 1, False]          \n"},"type":"ws_msg"}
{"payload":{"local_timestamp":1713275932924,"message_id":143,"stderr":true,"stdout":" 14                -1  1     33024  models.common.Conv                      [256, 128, 1, 1]              \n"},"type":"ws_msg"}
{"payload":{"local_timestamp":1713275932924,"message_id":144,"stderr":true,"stdout":" 15                -1  1         0  torch.nn.modules.upsampling.Upsample    [None, 2, 'nearest']          \n"},"type":"ws_msg"}
{"payload":{"local_timestamp":1713275932924,"message_id":145,"stderr":true,"stdout":" 16           [-1, 4]  1         0  models.common.Concat                    [1]                           \n"},"type":"ws_msg"}
{"payload":{"local_timestamp":1713275932927,"message_id":146,"stderr":true,"stdout":" 17                -1  1     90880  models.common.C3                        [256, 128, 1, False]          \n"},"type":"ws_msg"}
{"payload":{"local_timestamp":1713275932928,"message_id":147,"stderr":true,"stdout":" 18                -1  1    147712  models.common.Conv                      [128, 128, 3, 2]              \n"},"type":"ws_msg"}
{"payload":{"local_timestamp":1713275932928,"message_id":148,"stderr":true,"stdout":" 19          [-1, 14]  1         0  models.common.Concat                    [1]                           \n"},"type":"ws_msg"}
{"payload":{"local_timestamp":1713275932932,"message_id":149,"stderr":true,"stdout":" 20                -1  1    296448  models.common.C3                        [256, 256, 1, False]          \n"},"type":"ws_msg"}
{"payload":{"local_timestamp":1713275932935,"message_id":150,"stderr":true,"stdout":" 21                -1  1    590336  models.common.Conv                      [256, 256, 3, 2]              \n"},"type":"ws_msg"}
{"payload":{"local_timestamp":1713275932935,"message_id":151,"stderr":true,"stdout":" 22          [-1, 10]  1         0  models.common.Concat                    [1]                           \n"},"type":"ws_msg"}
{"payload":{"local_timestamp":1713275933057,"message_id":152,"metric":{"epoch":null,"metricName":"sys.cpu.percent.avg","metricValue":0.0,"step":null}},"type":"metric_msg"}
{"payload":{"local_timestamp":1713275933057,"message_id":153,"metric":{"epoch":null,"metricName":"sys.ram.total","metricValue":16940494848,"step":null}},"type":"metric_msg"}
{"payload":{"local_timestamp":1713275933057,"message_id":154,"metric":{"epoch":null,"metricName":"sys.ram.used","metricValue":10535608320,"step":null}},"type":"metric_msg"}
{"payload":{"local_timestamp":1713275933057,"message_id":155,"metric":{"epoch":null,"metricName":"sys.ram.available","metricValue":6404886528,"step":null}},"type":"metric_msg"}
{"payload":{"local_timestamp":1713275933057,"message_id":156,"metric":{"epoch":null,"metricName":"sys.ram.percent.used","metricValue":62.2,"step":null}},"type":"metric_msg"}
{"payload":{"local_timestamp":1713275933057,"message_id":157,"metric":{"epoch":null,"metricName":"sys.load.avg","metricValue":0.0,"step":null}},"type":"metric_msg"}
{"payload":{"local_timestamp":1713275933063,"message_id":158,"stderr":true,"stdout":" 23                -1  1   1182720  models.common.C3                        [512, 512, 1, False]          \n"},"type":"ws_msg"}
{"payload":{"local_timestamp":1713275933065,"message_id":159,"stderr":true,"stdout":" 24      [17, 20, 23]  1     16182  models.yolo.Detect                      [1, [[10, 13, 16, 30, 33, 23], [30, 61, 62, 45, 59, 119], [116, 90, 156, 198, 373, 326]], [128, 256, 512]]\n"},"type":"ws_msg"}
{"payload":{"local_timestamp":1713275933290,"message_id":160,"stderr":true,"stdout":"Model summary: 214 layers, 7022326 parameters, 7022326 gradients, 15.9 GFLOPs\n"},"type":"ws_msg"}
{"payload":{"local_timestamp":1713275933290,"message_id":161,"stderr":true,"stdout":"\n"},"type":"ws_msg"}
{"payload":{"git_meta":{"branch":"refs/heads/master","origin":"https://github.com/ultralytics/yolov5.git","parent":"cf8b67b7e9b49bed087ef27b4847edd84c687c34","repo_name":"yolov5","root":"1e84a23f38fad9e52b59101e9f1246d93066ed1e","status":null,"user":"markConnolly1"},"local_timestamp":1713275933302,"message_id":162},"type":"ws_msg"}
{"payload":{"local_timestamp":1713275933305,"message_id":163,"stderr":true,"stdout":"\u001b[1;38;5;214mCOMET WARNING:\u001b[0m Unknown error exporting current conda environment\n"},"type":"ws_msg"}
{"payload":{"local_timestamp":1713275933308,"message_id":164,"stderr":true,"stdout":"\u001b[1;38;5;214mCOMET WARNING:\u001b[0m Unknown error retrieving Conda package as an explicit file\n"},"type":"ws_msg"}
{"payload":{"local_timestamp":1713275933309,"message_id":165,"stderr":true,"stdout":"\u001b[1;38;5;214mCOMET WARNING:\u001b[0m Unknown error retrieving Conda information\n"},"type":"ws_msg"}
{"payload":{"local_timestamp":1713275933320,"message_id":166,"stderr":true,"stdout":"Transferred 343/349 items from C:\\Users\\Drum0\\yolov5\\runs\\train\\exp9\\weights\\best.pt\n"},"type":"ws_msg"}
{"payload":{"local_timestamp":1713275933322,"message_id":167,"stderr":true,"stdout":"\u001b[34m\u001b[1moptimizer:\u001b[0m SGD(lr=0.01) with parameter groups 57 weight(decay=0.0), 60 weight(decay=0.0005), 60 bias\n"},"type":"ws_msg"}
{"payload":{"local_timestamp":1713275933630,"message_id":168,"stderr":true,"stdout":"\r\u001b[34m\u001b[1mtrain: \u001b[0mScanning C:\\Users\\Drum0\\Desktop\\cattle-detection.v1i.yolov5pytorch\\train\\labels.cache... 2797 images, 0 backgrou\u001b[0m"},"type":"ws_msg"}
{"payload":{"local_timestamp":1713275933631,"message_id":169,"stderr":true,"stdout":"\r\u001b[34m\u001b[1mtrain: \u001b[0mScanning C:\\Users\\Drum0\\Desktop\\cattle-detection.v1i.yolov5pytorch\\train\\labels.cache... 2797 images, 0 backgrou\u001b[0m"},"type":"ws_msg"}
{"payload":{"local_timestamp":1713275933631,"message_id":170,"stderr":true,"stdout":"\n"},"type":"ws_msg"}
{"payload":{"local_timestamp":1713275963242,"message_id":171,"metric":{"epoch":null,"metricName":"sys.gpu.0.gpu_utilization","metricValue":37,"step":null}},"type":"metric_msg"}
{"payload":{"local_timestamp":1713275963242,"message_id":172,"metric":{"epoch":null,"metricName":"sys.gpu.0.power_usage","metricValue":25141,"step":null}},"type":"metric_msg"}
{"payload":{"local_timestamp":1713275963242,"message_id":173,"metric":{"epoch":null,"metricName":"sys.gpu.0.temperature","metricValue":47,"step":null}},"type":"metric_msg"}
{"payload":{"local_timestamp":1713275963242,"message_id":174,"metric":{"epoch":null,"metricName":"sys.gpu.0.memory_utilization","metricValue":32,"step":null}},"type":"metric_msg"}
{"payload":{"local_timestamp":1713275963242,"message_id":175,"metric":{"epoch":null,"metricName":"sys.gpu.0.free_memory","metricValue":6488862720,"step":null}},"type":"metric_msg"}
{"payload":{"local_timestamp":1713275963242,"message_id":176,"metric":{"epoch":null,"metricName":"sys.gpu.0.used_memory","metricValue":2101071872,"step":null}},"type":"metric_msg"}
{"payload":{"local_timestamp":1713275963242,"message_id":177,"metric":{"epoch":null,"metricName":"sys.gpu.0.percent.used_memory","metricValue":24.45969581604004,"step":null}},"type":"metric_msg"}
{"payload":{"local_timestamp":1713275963351,"message_id":178,"metric":{"epoch":null,"metricName":"sys.cpu.percent.avg","metricValue":2.175,"step":null}},"type":"metric_msg"}
{"payload":{"local_timestamp":1713275963352,"message_id":179,"metric":{"epoch":null,"metricName":"sys.ram.total","metricValue":16940494848,"step":null}},"type":"metric_msg"}
{"payload":{"local_timestamp":1713275963352,"message_id":180,"metric":{"epoch":null,"metricName":"sys.ram.used","metricValue":12290666496,"step":null}},"type":"metric_msg"}
{"payload":{"local_timestamp":1713275963352,"message_id":181,"metric":{"epoch":null,"metricName":"sys.ram.available","metricValue":4649828352,"step":null}},"type":"metric_msg"}
{"payload":{"local_timestamp":1713275963352,"message_id":182,"metric":{"epoch":null,"metricName":"sys.ram.percent.used","metricValue":72.6,"step":null}},"type":"metric_msg"}
{"payload":{"local_timestamp":1713275963352,"message_id":183,"metric":{"epoch":null,"metricName":"sys.load.avg","metricValue":0.08,"step":null}},"type":"metric_msg"}
{"payload":{"local_timestamp":1713275963465,"message_id":184,"metric":{"epoch":null,"metricName":"sys.network.send_bps","metricValue":82272,"step":null}},"type":"metric_msg"}
{"payload":{"local_timestamp":1713275963465,"message_id":185,"metric":{"epoch":null,"metricName":"sys.network.receive_bps","metricValue":65365,"step":null}},"type":"metric_msg"}
{"payload":{"local_timestamp":1713275963581,"message_id":186,"metric":{"epoch":null,"metricName":"sys.disk.read_bps","metricValue":2703.2560217728633,"step":null}},"type":"metric_msg"}
{"payload":{"local_timestamp":1713275963581,"message_id":187,"metric":{"epoch":null,"metricName":"sys.disk.write_bps","metricValue":523755.8542184922,"step":null}},"type":"metric_msg"}
{"payload":{"local_timestamp":1713275964071,"message_id":188,"stderr":true,"stdout":"Traceback (most recent call last):\n"},"type":"ws_msg"}
{"payload":{"local_timestamp":1713275964071,"message_id":189,"stderr":true,"stdout":"  File \"train.py\", line 848, in <module>\n"},"type":"ws_msg"}
{"payload":{"local_timestamp":1713275964072,"message_id":190,"stderr":true,"stdout":"    "},"type":"ws_msg"}
{"payload":{"local_timestamp":1713275964072,"message_id":191,"stderr":true,"stdout":"main(opt)"},"type":"ws_msg"}
{"payload":{"local_timestamp":1713275964072,"message_id":192,"stderr":true,"stdout":"\n"},"type":"ws_msg"}
{"payload":{"local_timestamp":1713275964072,"message_id":193,"stderr":true,"stdout":"  File \"train.py\", line 623, in main\n"},"type":"ws_msg"}
{"payload":{"local_timestamp":1713275964073,"message_id":194,"stderr":true,"stdout":"    "},"type":"ws_msg"}
{"payload":{"local_timestamp":1713275964073,"message_id":195,"stderr":true,"stdout":"train(opt.hyp, opt, device, callbacks)"},"type":"ws_msg"}
{"payload":{"local_timestamp":1713275964076,"message_id":196,"stderr":true,"stdout":"\n"},"type":"ws_msg"}
{"payload":{"local_timestamp":1713275964082,"message_id":197,"stderr":true,"stdout":"  File \"train.py\", line 274, in train\n"},"type":"ws_msg"}
{"payload":{"local_timestamp":1713275964083,"message_id":198,"stderr":true,"stdout":"    "},"type":"ws_msg"}
{"payload":{"local_timestamp":1713275964083,"message_id":199,"stderr":true,"stdout":"assert mlc < nc, f\"Label class {mlc} exceeds nc={nc} in {data}. Possible class labels are 0-{nc - 1}\""},"type":"ws_msg"}
{"payload":{"local_timestamp":1713275964083,"message_id":200,"stderr":true,"stdout":"\n"},"type":"ws_msg"}
{"payload":{"local_timestamp":1713275964083,"message_id":201,"stderr":true,"stdout":"AssertionError"},"type":"ws_msg"}
{"payload":{"local_timestamp":1713275964083,"message_id":202,"stderr":true,"stdout":": "},"type":"ws_msg"}
{"payload":{"local_timestamp":1713275964083,"message_id":203,"stderr":true,"stdout":"Label class 2 exceeds nc=1 in C:\\Users\\Drum0\\Desktop\\cattle-detection.v1i.yolov5pytorch\\data.yaml. Possible class labels are 0-0"},"type":"ws_msg"}
{"payload":{"local_timestamp":1713275964083,"message_id":204,"stderr":true,"stdout":"\n"},"type":"ws_msg"}
{"payload":{"local_timestamp":1713275964086,"message_id":205,"stderr":true,"stdout":"\u001b[1;38;5;39mCOMET INFO:\u001b[0m ---------------------------------------------------------------------------------------\n"},"type":"ws_msg"}
{"payload":{"local_timestamp":1713275964087,"message_id":206,"stderr":true,"stdout":"\u001b[1;38;5;39mCOMET INFO:\u001b[0m Comet.ml OfflineExperiment Summary\n"},"type":"ws_msg"}
{"payload":{"local_timestamp":1713275964087,"message_id":207,"stderr":true,"stdout":"\u001b[1;38;5;39mCOMET INFO:\u001b[0m ---------------------------------------------------------------------------------------\n"},"type":"ws_msg"}
{"payload":{"local_timestamp":1713275964087,"message_id":208,"stderr":true,"stdout":"\u001b[1;38;5;39mCOMET INFO:\u001b[0m   Data:\n"},"type":"ws_msg"}
{"payload":{"local_timestamp":1713275964088,"message_id":209,"stderr":true,"stdout":"\u001b[1;38;5;39mCOMET INFO:\u001b[0m     display_summary_level : 1\n"},"type":"ws_msg"}
{"payload":{"local_timestamp":1713275964088,"message_id":210,"stderr":true,"stdout":"\u001b[1;38;5;39mCOMET INFO:\u001b[0m     url                   : [OfflineExperiment will get URL after upload]\n"},"type":"ws_msg"}
{"payload":{"local_timestamp":1713275964088,"message_id":211,"stderr":true,"stdout":"\u001b[1;38;5;39mCOMET INFO:\u001b[0m   Others:\n"},"type":"ws_msg"}
{"payload":{"local_timestamp":1713275964089,"message_id":212,"stderr":true,"stdout":"\u001b[1;38;5;39mCOMET INFO:\u001b[0m     Created from                : YOLOv5\n"},"type":"ws_msg"}
{"payload":{"local_timestamp":1713275964089,"message_id":213,"stderr":true,"stdout":"\u001b[1;38;5;39mCOMET INFO:\u001b[0m     Name                        : exp10\n"},"type":"ws_msg"}
{"payload":{"local_timestamp":1713275964090,"message_id":214,"stderr":true,"stdout":"\u001b[1;38;5;39mCOMET INFO:\u001b[0m     comet_log_batch_metrics     : False\n"},"type":"ws_msg"}
{"payload":{"local_timestamp":1713275964090,"message_id":215,"stderr":true,"stdout":"\u001b[1;38;5;39mCOMET INFO:\u001b[0m     comet_log_confusion_matrix  : True\n"},"type":"ws_msg"}
{"payload":{"local_timestamp":1713275964090,"message_id":216,"stderr":true,"stdout":"\u001b[1;38;5;39mCOMET INFO:\u001b[0m     comet_log_per_class_metrics : False\n"},"type":"ws_msg"}
{"payload":{"local_timestamp":1713275964091,"message_id":217,"stderr":true,"stdout":"\u001b[1;38;5;39mCOMET INFO:\u001b[0m     comet_max_image_uploads     : 100\n"},"type":"ws_msg"}
{"payload":{"local_timestamp":1713275964091,"message_id":218,"stderr":true,"stdout":"\u001b[1;38;5;39mCOMET INFO:\u001b[0m     comet_mode                  : online\n"},"type":"ws_msg"}
{"payload":{"local_timestamp":1713275964091,"message_id":219,"stderr":true,"stdout":"\u001b[1;38;5;39mCOMET INFO:\u001b[0m     comet_model_name            : yolov5\n"},"type":"ws_msg"}
{"payload":{"local_timestamp":1713275964092,"message_id":220,"stderr":true,"stdout":"\u001b[1;38;5;39mCOMET INFO:\u001b[0m     hasNestedParams             : True\n"},"type":"ws_msg"}
{"payload":{"local_timestamp":1713275964092,"message_id":221,"stderr":true,"stdout":"\u001b[1;38;5;39mCOMET INFO:\u001b[0m     offline_experiment          : True\n"},"type":"ws_msg"}
{"payload":{"local_timestamp":1713275964092,"message_id":222,"stderr":true,"stdout":"\u001b[1;38;5;39mCOMET INFO:\u001b[0m   Parameters:\n"},"type":"ws_msg"}
{"payload":{"local_timestamp":1713275964092,"message_id":223,"stderr":true,"stdout":"\u001b[1;38;5;39mCOMET INFO:\u001b[0m     anchor_t            : 4.0\n"},"type":"ws_msg"}
{"payload":{"local_timestamp":1713275964093,"message_id":224,"stderr":true,"stdout":"\u001b[1;38;5;39mCOMET INFO:\u001b[0m     artifact_alias      : latest\n"},"type":"ws_msg"}
{"payload":{"local_timestamp":1713275964093,"message_id":225,"stderr":true,"stdout":"\u001b[1;38;5;39mCOMET INFO:\u001b[0m     batch_size          : 16\n"},"type":"ws_msg"}
{"payload":{"local_timestamp":1713275964093,"message_id":226,"stderr":true,"stdout":"\u001b[1;38;5;39mCOMET INFO:\u001b[0m     bbox_interval       : -1\n"},"type":"ws_msg"}
{"payload":{"local_timestamp":1713275964093,"message_id":227,"stderr":true,"stdout":"\u001b[1;38;5;39mCOMET INFO:\u001b[0m     box                 : 0.05\n"},"type":"ws_msg"}
{"payload":{"local_timestamp":1713275964093,"message_id":228,"stderr":true,"stdout":"\u001b[1;38;5;39mCOMET INFO:\u001b[0m     bucket              : \n"},"type":"ws_msg"}
{"payload":{"local_timestamp":1713275964094,"message_id":229,"stderr":true,"stdout":"\u001b[1;38;5;39mCOMET INFO:\u001b[0m     cache               : None\n"},"type":"ws_msg"}
{"payload":{"local_timestamp":1713275964094,"message_id":230,"stderr":true,"stdout":"\u001b[1;38;5;39mCOMET INFO:\u001b[0m     cfg                 : \n"},"type":"ws_msg"}
{"payload":{"local_timestamp":1713275964094,"message_id":231,"stderr":true,"stdout":"\u001b[1;38;5;39mCOMET INFO:\u001b[0m     cls                 : 0.5\n"},"type":"ws_msg"}
{"payload":{"local_timestamp":1713275964095,"message_id":232,"stderr":true,"stdout":"\u001b[1;38;5;39mCOMET INFO:\u001b[0m     cls_pw              : 1.0\n"},"type":"ws_msg"}
{"payload":{"local_timestamp":1713275964095,"message_id":233,"stderr":true,"stdout":"\u001b[1;38;5;39mCOMET INFO:\u001b[0m     copy_paste          : 0.0\n"},"type":"ws_msg"}
{"payload":{"local_timestamp":1713275964095,"message_id":234,"stderr":true,"stdout":"\u001b[1;38;5;39mCOMET INFO:\u001b[0m     cos_lr              : False\n"},"type":"ws_msg"}
{"payload":{"local_timestamp":1713275964095,"message_id":235,"stderr":true,"stdout":"\u001b[1;38;5;39mCOMET INFO:\u001b[0m     degrees             : 0.0\n"},"type":"ws_msg"}
{"payload":{"local_timestamp":1713275964096,"message_id":236,"stderr":true,"stdout":"\u001b[1;38;5;39mCOMET INFO:\u001b[0m     device              : \n"},"type":"ws_msg"}
{"payload":{"local_timestamp":1713275964096,"message_id":237,"stderr":true,"stdout":"\u001b[1;38;5;39mCOMET INFO:\u001b[0m     entity              : None\n"},"type":"ws_msg"}
{"payload":{"local_timestamp":1713275964096,"message_id":238,"stderr":true,"stdout":"\u001b[1;38;5;39mCOMET INFO:\u001b[0m     evolve              : None\n"},"type":"ws_msg"}
{"payload":{"local_timestamp":1713275964096,"message_id":239,"stderr":true,"stdout":"\u001b[1;38;5;39mCOMET INFO:\u001b[0m     evolve_population   : data\\hyps\n"},"type":"ws_msg"}
{"payload":{"local_timestamp":1713275964097,"message_id":240,"stderr":true,"stdout":"\u001b[1;38;5;39mCOMET INFO:\u001b[0m     exist_ok            : False\n"},"type":"ws_msg"}
{"payload":{"local_timestamp":1713275964097,"message_id":241,"stderr":true,"stdout":"\u001b[1;38;5;39mCOMET INFO:\u001b[0m     fl_gamma            : 0.0\n"},"type":"ws_msg"}
{"payload":{"local_timestamp":1713275964097,"message_id":242,"stderr":true,"stdout":"\u001b[1;38;5;39mCOMET INFO:\u001b[0m     fliplr              : 0.5\n"},"type":"ws_msg"}
{"payload":{"local_timestamp":1713275964097,"message_id":243,"stderr":true,"stdout":"\u001b[1;38;5;39mCOMET INFO:\u001b[0m     flipud              : 0.0\n"},"type":"ws_msg"}
{"payload":{"local_timestamp":1713275964097,"message_id":244,"stderr":true,"stdout":"\u001b[1;38;5;39mCOMET INFO:\u001b[0m     freeze              : [0]\n"},"type":"ws_msg"}
{"payload":{"local_timestamp":1713275964098,"message_id":245,"stderr":true,"stdout":"\u001b[1;38;5;39mCOMET INFO:\u001b[0m     hsv_h               : 0.015\n"},"type":"ws_msg"}
{"payload":{"local_timestamp":1713275964098,"message_id":246,"stderr":true,"stdout":"\u001b[1;38;5;39mCOMET INFO:\u001b[0m     hsv_s               : 0.7\n"},"type":"ws_msg"}
{"payload":{"local_timestamp":1713275964098,"message_id":247,"stderr":true,"stdout":"\u001b[1;38;5;39mCOMET INFO:\u001b[0m     hsv_v               : 0.4\n"},"type":"ws_msg"}
{"payload":{"local_timestamp":1713275964098,"message_id":248,"stderr":true,"stdout":"\u001b[1;38;5;39mCOMET INFO:\u001b[0m     hyp|anchor_t        : 4.0\n"},"type":"ws_msg"}
{"payload":{"local_timestamp":1713275964098,"message_id":249,"stderr":true,"stdout":"\u001b[1;38;5;39mCOMET INFO:\u001b[0m     hyp|box             : 0.05\n"},"type":"ws_msg"}
{"payload":{"local_timestamp":1713275964099,"message_id":250,"stderr":true,"stdout":"\u001b[1;38;5;39mCOMET INFO:\u001b[0m     hyp|cls             : 0.5\n"},"type":"ws_msg"}
{"payload":{"local_timestamp":1713275964099,"message_id":251,"stderr":true,"stdout":"\u001b[1;38;5;39mCOMET INFO:\u001b[0m     hyp|cls_pw          : 1.0\n"},"type":"ws_msg"}
{"payload":{"local_timestamp":1713275964099,"message_id":252,"stderr":true,"stdout":"\u001b[1;38;5;39mCOMET INFO:\u001b[0m     hyp|copy_paste      : 0.0\n"},"type":"ws_msg"}
{"payload":{"local_timestamp":1713275964100,"message_id":253,"stderr":true,"stdout":"\u001b[1;38;5;39mCOMET INFO:\u001b[0m     hyp|degrees         : 0.0\n"},"type":"ws_msg"}
{"payload":{"local_timestamp":1713275964100,"message_id":254,"stderr":true,"stdout":"\u001b[1;38;5;39mCOMET INFO:\u001b[0m     hyp|fl_gamma        : 0.0\n"},"type":"ws_msg"}
{"payload":{"local_timestamp":1713275964100,"message_id":255,"stderr":true,"stdout":"\u001b[1;38;5;39mCOMET INFO:\u001b[0m     hyp|fliplr          : 0.5\n"},"type":"ws_msg"}
{"payload":{"local_timestamp":1713275964100,"message_id":256,"stderr":true,"stdout":"\u001b[1;38;5;39mCOMET INFO:\u001b[0m     hyp|flipud          : 0.0\n"},"type":"ws_msg"}
{"payload":{"local_timestamp":1713275964101,"message_id":257,"stderr":true,"stdout":"\u001b[1;38;5;39mCOMET INFO:\u001b[0m     hyp|hsv_h           : 0.015\n"},"type":"ws_msg"}
{"payload":{"local_timestamp":1713275964101,"message_id":258,"stderr":true,"stdout":"\u001b[1;38;5;39mCOMET INFO:\u001b[0m     hyp|hsv_s           : 0.7\n"},"type":"ws_msg"}
{"payload":{"local_timestamp":1713275964101,"message_id":259,"stderr":true,"stdout":"\u001b[1;38;5;39mCOMET INFO:\u001b[0m     hyp|hsv_v           : 0.4\n"},"type":"ws_msg"}
{"payload":{"local_timestamp":1713275964101,"message_id":260,"stderr":true,"stdout":"\u001b[1;38;5;39mCOMET INFO:\u001b[0m     hyp|iou_t           : 0.2\n"},"type":"ws_msg"}
{"payload":{"local_timestamp":1713275964102,"message_id":261,"stderr":true,"stdout":"\u001b[1;38;5;39mCOMET INFO:\u001b[0m     hyp|lr0             : 0.01\n"},"type":"ws_msg"}
{"payload":{"local_timestamp":1713275964102,"message_id":262,"stderr":true,"stdout":"\u001b[1;38;5;39mCOMET INFO:\u001b[0m     hyp|lrf             : 0.01\n"},"type":"ws_msg"}
{"payload":{"local_timestamp":1713275964102,"message_id":263,"stderr":true,"stdout":"\u001b[1;38;5;39mCOMET INFO:\u001b[0m     hyp|mixup           : 0.0\n"},"type":"ws_msg"}
{"payload":{"local_timestamp":1713275964102,"message_id":264,"stderr":true,"stdout":"\u001b[1;38;5;39mCOMET INFO:\u001b[0m     hyp|momentum        : 0.937\n"},"type":"ws_msg"}
{"payload":{"local_timestamp":1713275964103,"message_id":265,"stderr":true,"stdout":"\u001b[1;38;5;39mCOMET INFO:\u001b[0m     hyp|mosaic          : 1.0\n"},"type":"ws_msg"}
{"payload":{"local_timestamp":1713275964103,"message_id":266,"stderr":true,"stdout":"\u001b[1;38;5;39mCOMET INFO:\u001b[0m     hyp|obj             : 1.0\n"},"type":"ws_msg"}
{"payload":{"local_timestamp":1713275964103,"message_id":267,"stderr":true,"stdout":"\u001b[1;38;5;39mCOMET INFO:\u001b[0m     hyp|obj_pw          : 1.0\n"},"type":"ws_msg"}
{"payload":{"local_timestamp":1713275964103,"message_id":268,"stderr":true,"stdout":"\u001b[1;38;5;39mCOMET INFO:\u001b[0m     hyp|perspective     : 0.0\n"},"type":"ws_msg"}
{"payload":{"local_timestamp":1713275964103,"message_id":269,"stderr":true,"stdout":"\u001b[1;38;5;39mCOMET INFO:\u001b[0m     hyp|scale           : 0.5\n"},"type":"ws_msg"}
{"payload":{"local_timestamp":1713275964104,"message_id":270,"stderr":true,"stdout":"\u001b[1;38;5;39mCOMET INFO:\u001b[0m     hyp|shear           : 0.0\n"},"type":"ws_msg"}
{"payload":{"local_timestamp":1713275964104,"message_id":271,"stderr":true,"stdout":"\u001b[1;38;5;39mCOMET INFO:\u001b[0m     hyp|translate       : 0.1\n"},"type":"ws_msg"}
{"payload":{"local_timestamp":1713275964104,"message_id":272,"stderr":true,"stdout":"\u001b[1;38;5;39mCOMET INFO:\u001b[0m     hyp|warmup_bias_lr  : 0.1\n"},"type":"ws_msg"}
{"payload":{"local_timestamp":1713275964104,"message_id":273,"stderr":true,"stdout":"\u001b[1;38;5;39mCOMET INFO:\u001b[0m     hyp|warmup_epochs   : 3.0\n"},"type":"ws_msg"}
{"payload":{"local_timestamp":1713275964104,"message_id":274,"stderr":true,"stdout":"\u001b[1;38;5;39mCOMET INFO:\u001b[0m     hyp|warmup_momentum : 0.8\n"},"type":"ws_msg"}
{"payload":{"local_timestamp":1713275964104,"message_id":275,"stderr":true,"stdout":"\u001b[1;38;5;39mCOMET INFO:\u001b[0m     hyp|weight_decay    : 0.0005\n"},"type":"ws_msg"}
{"payload":{"local_timestamp":1713275964104,"message_id":276,"stderr":true,"stdout":"\u001b[1;38;5;39mCOMET INFO:\u001b[0m     image_weights       : False\n"},"type":"ws_msg"}
{"payload":{"local_timestamp":1713275964105,"message_id":277,"stderr":true,"stdout":"\u001b[1;38;5;39mCOMET INFO:\u001b[0m     imgsz               : 640\n"},"type":"ws_msg"}
{"payload":{"local_timestamp":1713275964105,"message_id":278,"stderr":true,"stdout":"\u001b[1;38;5;39mCOMET INFO:\u001b[0m     iou_t               : 0.2\n"},"type":"ws_msg"}
{"payload":{"local_timestamp":1713275964105,"message_id":279,"stderr":true,"stdout":"\u001b[1;38;5;39mCOMET INFO:\u001b[0m     label_smoothing     : 0.0\n"},"type":"ws_msg"}
{"payload":{"local_timestamp":1713275964105,"message_id":280,"stderr":true,"stdout":"\u001b[1;38;5;39mCOMET INFO:\u001b[0m     local_rank          : -1\n"},"type":"ws_msg"}
{"payload":{"local_timestamp":1713275964105,"message_id":281,"stderr":true,"stdout":"\u001b[1;38;5;39mCOMET INFO:\u001b[0m     lr0                 : 0.01\n"},"type":"ws_msg"}
{"payload":{"local_timestamp":1713275964105,"message_id":282,"stderr":true,"stdout":"\u001b[1;38;5;39mCOMET INFO:\u001b[0m     lrf                 : 0.01\n"},"type":"ws_msg"}
{"payload":{"local_timestamp":1713275964105,"message_id":283,"stderr":true,"stdout":"\u001b[1;38;5;39mCOMET INFO:\u001b[0m     mixup               : 0.0\n"},"type":"ws_msg"}
{"payload":{"local_timestamp":1713275964106,"message_id":284,"stderr":true,"stdout":"\u001b[1;38;5;39mCOMET INFO:\u001b[0m     momentum            : 0.937\n"},"type":"ws_msg"}
{"payload":{"local_timestamp":1713275964106,"message_id":285,"stderr":true,"stdout":"\u001b[1;38;5;39mCOMET INFO:\u001b[0m     mosaic              : 1.0\n"},"type":"ws_msg"}
{"payload":{"local_timestamp":1713275964106,"message_id":286,"stderr":true,"stdout":"\u001b[1;38;5;39mCOMET INFO:\u001b[0m     multi_scale         : False\n"},"type":"ws_msg"}
{"payload":{"local_timestamp":1713275964106,"message_id":287,"stderr":true,"stdout":"\u001b[1;38;5;39mCOMET INFO:\u001b[0m     ndjson_console      : False\n"},"type":"ws_msg"}
{"payload":{"local_timestamp":1713275964106,"message_id":288,"stderr":true,"stdout":"\u001b[1;38;5;39mCOMET INFO:\u001b[0m     ndjson_file         : False\n"},"type":"ws_msg"}
{"payload":{"local_timestamp":1713275964107,"message_id":289,"stderr":true,"stdout":"\u001b[1;38;5;39mCOMET INFO:\u001b[0m     noautoanchor        : False\n"},"type":"ws_msg"}
{"payload":{"local_timestamp":1713275964107,"message_id":290,"stderr":true,"stdout":"\u001b[1;38;5;39mCOMET INFO:\u001b[0m     noplots             : False\n"},"type":"ws_msg"}
{"payload":{"local_timestamp":1713275964107,"message_id":291,"stderr":true,"stdout":"\u001b[1;38;5;39mCOMET INFO:\u001b[0m     nosave              : False\n"},"type":"ws_msg"}
{"payload":{"local_timestamp":1713275964108,"message_id":292,"stderr":true,"stdout":"\u001b[1;38;5;39mCOMET INFO:\u001b[0m     noval               : False\n"},"type":"ws_msg"}
{"payload":{"local_timestamp":1713275964108,"message_id":293,"stderr":true,"stdout":"\u001b[1;38;5;39mCOMET INFO:\u001b[0m     obj                 : 1.0\n"},"type":"ws_msg"}
{"payload":{"local_timestamp":1713275964108,"message_id":294,"stderr":true,"stdout":"\u001b[1;38;5;39mCOMET INFO:\u001b[0m     obj_pw              : 1.0\n"},"type":"ws_msg"}
{"payload":{"local_timestamp":1713275964108,"message_id":295,"stderr":true,"stdout":"\u001b[1;38;5;39mCOMET INFO:\u001b[0m     optimizer           : SGD\n"},"type":"ws_msg"}
{"payload":{"local_timestamp":1713275964109,"message_id":296,"stderr":true,"stdout":"\u001b[1;38;5;39mCOMET INFO:\u001b[0m     patience            : 100\n"},"type":"ws_msg"}
{"payload":{"local_timestamp":1713275964109,"message_id":297,"stderr":true,"stdout":"\u001b[1;38;5;39mCOMET INFO:\u001b[0m     perspective         : 0.0\n"},"type":"ws_msg"}
{"payload":{"local_timestamp":1713275964109,"message_id":298,"stderr":true,"stdout":"\u001b[1;38;5;39mCOMET INFO:\u001b[0m     project             : runs\\train\n"},"type":"ws_msg"}
{"payload":{"local_timestamp":1713275964109,"message_id":299,"stderr":true,"stdout":"\u001b[1;38;5;39mCOMET INFO:\u001b[0m     quad                : False\n"},"type":"ws_msg"}
{"payload":{"local_timestamp":1713275964110,"message_id":300,"stderr":true,"stdout":"\u001b[1;38;5;39mCOMET INFO:\u001b[0m     rect                : False\n"},"type":"ws_msg"}
{"payload":{"local_timestamp":1713275964110,"message_id":301,"stderr":true,"stdout":"\u001b[1;38;5;39mCOMET INFO:\u001b[0m     resume              : False\n"},"type":"ws_msg"}
{"payload":{"local_timestamp":1713275964110,"message_id":302,"stderr":true,"stdout":"\u001b[1;38;5;39mCOMET INFO:\u001b[0m     resume_evolve       : None\n"},"type":"ws_msg"}
{"payload":{"local_timestamp":1713275964111,"message_id":303,"stderr":true,"stdout":"\u001b[1;38;5;39mCOMET INFO:\u001b[0m     save_dir            : runs\\train\\exp105\n"},"type":"ws_msg"}
{"payload":{"local_timestamp":1713275964111,"message_id":304,"stderr":true,"stdout":"\u001b[1;38;5;39mCOMET INFO:\u001b[0m     save_period         : -1\n"},"type":"ws_msg"}
{"payload":{"local_timestamp":1713275964111,"message_id":305,"stderr":true,"stdout":"\u001b[1;38;5;39mCOMET INFO:\u001b[0m     scale               : 0.5\n"},"type":"ws_msg"}
{"payload":{"local_timestamp":1713275964112,"message_id":306,"stderr":true,"stdout":"\u001b[1;38;5;39mCOMET INFO:\u001b[0m     seed                : 0\n"},"type":"ws_msg"}
{"payload":{"local_timestamp":1713275964112,"message_id":307,"stderr":true,"stdout":"\u001b[1;38;5;39mCOMET INFO:\u001b[0m     shear               : 0.0\n"},"type":"ws_msg"}
{"payload":{"local_timestamp":1713275964112,"message_id":308,"stderr":true,"stdout":"\u001b[1;38;5;39mCOMET INFO:\u001b[0m     single_cls          : False\n"},"type":"ws_msg"}
{"payload":{"local_timestamp":1713275964113,"message_id":309,"stderr":true,"stdout":"\u001b[1;38;5;39mCOMET INFO:\u001b[0m     sync_bn             : False\n"},"type":"ws_msg"}
{"payload":{"local_timestamp":1713275964113,"message_id":310,"stderr":true,"stdout":"\u001b[1;38;5;39mCOMET INFO:\u001b[0m     translate           : 0.1\n"},"type":"ws_msg"}
{"payload":{"local_timestamp":1713275964113,"message_id":311,"stderr":true,"stdout":"\u001b[1;38;5;39mCOMET INFO:\u001b[0m     upload_dataset      : False\n"},"type":"ws_msg"}
{"payload":{"local_timestamp":1713275964114,"message_id":312,"stderr":true,"stdout":"\u001b[1;38;5;39mCOMET INFO:\u001b[0m     val_conf_threshold  : 0.001\n"},"type":"ws_msg"}
{"payload":{"local_timestamp":1713275964114,"message_id":313,"stderr":true,"stdout":"\u001b[1;38;5;39mCOMET INFO:\u001b[0m     val_iou_threshold   : 0.6\n"},"type":"ws_msg"}
{"payload":{"local_timestamp":1713275964114,"message_id":314,"stderr":true,"stdout":"\u001b[1;38;5;39mCOMET INFO:\u001b[0m     warmup_bias_lr      : 0.1\n"},"type":"ws_msg"}
{"payload":{"local_timestamp":1713275964114,"message_id":315,"stderr":true,"stdout":"\u001b[1;38;5;39mCOMET INFO:\u001b[0m     warmup_epochs       : 3.0\n"},"type":"ws_msg"}
{"payload":{"local_timestamp":1713275964115,"message_id":316,"stderr":true,"stdout":"\u001b[1;38;5;39mCOMET INFO:\u001b[0m     warmup_momentum     : 0.8\n"},"type":"ws_msg"}
{"payload":{"local_timestamp":1713275964115,"message_id":317,"stderr":true,"stdout":"\u001b[1;38;5;39mCOMET INFO:\u001b[0m     weight_decay        : 0.0005\n"},"type":"ws_msg"}
{"payload":{"local_timestamp":1713275964115,"message_id":318,"stderr":true,"stdout":"\u001b[1;38;5;39mCOMET INFO:\u001b[0m     workers             : 8\n"},"type":"ws_msg"}
{"payload":{"local_timestamp":1713275964115,"message_id":319,"stderr":true,"stdout":"\u001b[1;38;5;39mCOMET INFO:\u001b[0m   Uploads:\n"},"type":"ws_msg"}
{"payload":{"local_timestamp":1713275964116,"message_id":320,"stderr":true,"stdout":"\u001b[1;38;5;39mCOMET INFO:\u001b[0m     asset               : 3 (1.71 KB)\n"},"type":"ws_msg"}
{"payload":{"local_timestamp":1713275964116,"message_id":321,"stderr":true,"stdout":"\u001b[1;38;5;39mCOMET INFO:\u001b[0m     environment details : 1\n"},"type":"ws_msg"}
{"payload":{"local_timestamp":1713275964116,"message_id":322,"stderr":true,"stdout":"\u001b[1;38;5;39mCOMET INFO:\u001b[0m     git metadata        : 1\n"},"type":"ws_msg"}
{"payload":{"local_timestamp":1713275964116,"message_id":323,"stderr":true,"stdout":"\u001b[1;38;5;39mCOMET INFO:\u001b[0m     installed packages  : 1\n"},"type":"ws_msg"}
{"payload":{"local_timestamp":1713275964117,"message_id":324,"stderr":true,"stdout":"\u001b[1;38;5;39mCOMET INFO:\u001b[0m \n"},"type":"ws_msg"}
