{"offline_id": "183f80a215584e3889c089019fdb0c91", "project_name": "yolov5", "start_time": 1711377901694, "stop_time": 1711377903367, "tags": [], "workspace": null, "resume_strategy": "create", "customer_error_reported": true, "customer_error_message": "Unexpected error detected in the user script: ScannerError('while scanning a double-quoted scalar', <yaml.error.Mark object at 0x00000260760F59D0>, \"expected escape sequence of 8 hexadecimal numbers, but found 's'\", <yaml.error.Mark object at 0x00000260760F5550>)", "user_provided_experiment_key": false, "comet_start_sourced": false}