{"payload":{"installed_packages":["attrs==23.2.0","brotli==1.0.9","certifi==2024.2.2","charset-normalizer==2.0.4","colorama==0.4.6","comet-ml==3.39.1","configobj==5.0.8","contourpy==1.1.1","cycler==0.12.1","dulwich==0.21.7","everett==3.1.0","filelock==3.13.1","fonttools==4.50.0","fsspec==2024.3.1","gitdb==4.0.11","gitpython==3.1.42","gmpy2==2.1.2","idna==3.4","importlib-resources==6.3.2","jinja2==3.1.3","jsonschema==4.21.1","jsonschema-specifications==2023.12.1","kiwisolver==1.4.5","markdown-it-py==3.0.0","markupsafe==2.1.3","matplotlib==3.7.5","mdurl==0.1.2","mkl-fft==1.3.8","mkl-random==1.2.4","mkl-service==2.4.0","mpmath==1.3.0","networkx==3.1","numpy==1.24.3","opencv-python==4.9.0.80","packaging==24.0","pandas==2.0.3","pillow==10.2.0","pip==23.3.1","pkgutil-resolve-name==1.3.10","psutil==5.9.8","py-cpuinfo==9.0.0","pygments==2.17.2","pyparsing==3.1.2","pysocks==1.7.1","python-box==6.1.0","python-dateutil==2.9.0.post0","pytz==2024.1","pyyaml==6.0.1","referencing==0.34.0","requests==2.31.0","requests-toolbelt==1.0.0","rich==13.7.1","rpds-py==0.18.0","scipy==1.10.1","seaborn==0.13.2","semantic-version==2.10.0","sentry-sdk==1.43.0","setuptools==68.2.2","simplejson==3.19.2","six==1.16.0","smmap==5.0.1","sympy==1.12","thop==0.1.1.post2209072238","torch==2.2.1","torchaudio==2.2.1","torchvision==0.17.1","tqdm==4.66.2","typing-extensions==4.9.0","tzdata==2024.1","ultralytics==8.1.29","urllib3==2.1.0","websocket-client==1.3.3","wheel==0.41.2","win-inet-pton==1.1.0","wrapt==1.16.0","wurlitzer==3.0.3","zipp==3.18.1"],"local_timestamp":1711377901695,"message_id":1},"type":"ws_msg"}
{"payload":{"env_details":{"command":["train.py","--img","640","--batch","16","--epochs","300","--data","C:\\Users\\Drum0\\Desktop\\cattle-detection.v1i.yolov5pytorch\\data.yaml","--weights","yolov5s.pt"],"env":null,"hostname":"MSI","ip":"192.168.1.5","machine":"AMD64","os":"Windows-10-10.0.22631-SP0","os_release":"10","os_type":"Windows","pid":33760,"processor":"Intel64 Family 6 Model 154 Stepping 3, GenuineIntel","python_exe":"C:\\Users\\Drum0\\anaconda3\\envs\\yolov5\\python.exe","python_version":"3.8.18","python_version_verbose":"3.8.18 (default, Sep 11 2023, 13:39:12) [MSC v.1916 64 bit (AMD64)]","user":"Drum0"},"local_timestamp":1711377901734,"message_id":2},"type":"ws_msg"}
{"payload":{"gpu_static_info":[{"gpu_index":0,"name":"NVIDIA GeForce RTX 3080 Laptop GPU","power_limit":150000,"total_memory":8589934592,"uuid":"GPU-6ddcb604-f027-c3ce-6e37-ae7c285eca30"}],"local_timestamp":1711377901776,"message_id":3},"type":"ws_msg"}
{"payload":{"local_timestamp":1711377901776,"message_id":4,"metric":{"epoch":null,"metricName":"sys.gpu.0.total_memory","metricValue":8589934592,"step":null}},"type":"metric_msg"}
{"payload":{"local_timestamp":1711377901777,"message_id":5,"param":{"paramName":"img","paramValue":640,"source":"cli","step":null}},"type":"parameter_msg"}
{"payload":{"local_timestamp":1711377901777,"message_id":6,"param":{"paramName":"batch","paramValue":16,"source":"cli","step":null}},"type":"parameter_msg"}
{"payload":{"local_timestamp":1711377901777,"message_id":7,"param":{"paramName":"epochs","paramValue":300,"source":"cli","step":null}},"type":"parameter_msg"}
{"payload":{"local_timestamp":1711377901777,"message_id":8,"param":{"paramName":"data","paramValue":"C:\\Users\\Drum0\\Desktop\\cattle-detection.v1i.yolov5pytorch\\data.yaml","source":"cli","step":null}},"type":"parameter_msg"}
{"payload":{"local_timestamp":1711377901777,"message_id":9,"param":{"paramName":"weights","paramValue":"yolov5s.pt","source":"cli","step":null}},"type":"parameter_msg"}
{"payload":{"local_timestamp":1711377901778,"log_other":{"key":"offline_experiment","val":true},"message_id":10},"type":"ws_msg"}
{"payload":{"local_timestamp":1711377901778,"log_other":{"key":"Name","val":"exp"},"message_id":11},"type":"ws_msg"}
{"payload":{"local_timestamp":1711377901778,"message_id":12,"metric":{"epoch":null,"metricName":"sys.gpu.0.gpu_utilization","metricValue":14,"step":null}},"type":"metric_msg"}
{"payload":{"local_timestamp":1711377901778,"message_id":13,"metric":{"epoch":null,"metricName":"sys.gpu.0.power_usage","metricValue":27016,"step":null}},"type":"metric_msg"}
{"payload":{"local_timestamp":1711377901778,"message_id":14,"metric":{"epoch":null,"metricName":"sys.gpu.0.temperature","metricValue":50,"step":null}},"type":"metric_msg"}
{"payload":{"local_timestamp":1711377901778,"message_id":15,"metric":{"epoch":null,"metricName":"sys.gpu.0.memory_utilization","metricValue":4,"step":null}},"type":"metric_msg"}
{"payload":{"local_timestamp":1711377901778,"message_id":16,"metric":{"epoch":null,"metricName":"sys.gpu.0.free_memory","metricValue":5583982592,"step":null}},"type":"metric_msg"}
{"payload":{"local_timestamp":1711377901778,"message_id":17,"metric":{"epoch":null,"metricName":"sys.gpu.0.used_memory","metricValue":3005952000,"step":null}},"type":"metric_msg"}
{"payload":{"local_timestamp":1711377901778,"message_id":18,"metric":{"epoch":null,"metricName":"sys.gpu.0.percent.used_memory","metricValue":34.993886947631836,"step":null}},"type":"metric_msg"}
{"payload":{"local_timestamp":1711377901780,"message_id":19,"stderr":true,"stdout":"Traceback (most recent call last):\n"},"type":"ws_msg"}
{"payload":{"local_timestamp":1711377901780,"message_id":20,"stderr":true,"stdout":"  File \"train.py\", line 848, in <module>\n"},"type":"ws_msg"}
{"payload":{"local_timestamp":1711377901780,"message_id":21,"stderr":true,"stdout":"    "},"type":"ws_msg"}
{"payload":{"local_timestamp":1711377901780,"message_id":22,"stderr":true,"stdout":"main(opt)"},"type":"ws_msg"}
{"payload":{"local_timestamp":1711377901781,"message_id":23,"stderr":true,"stdout":"\n"},"type":"ws_msg"}
{"payload":{"local_timestamp":1711377901782,"message_id":24,"stderr":true,"stdout":"  File \"train.py\", line 623, in main\n"},"type":"ws_msg"}
{"payload":{"local_timestamp":1711377901782,"message_id":25,"stderr":true,"stdout":"    "},"type":"ws_msg"}
{"payload":{"local_timestamp":1711377901782,"message_id":26,"stderr":true,"stdout":"train(opt.hyp, opt, device, callbacks)"},"type":"ws_msg"}
{"payload":{"local_timestamp":1711377901783,"message_id":27,"stderr":true,"stdout":"\n"},"type":"ws_msg"}
{"payload":{"local_timestamp":1711377901783,"message_id":28,"stderr":true,"stdout":"  File \"train.py\", line 153, in train\n"},"type":"ws_msg"}
{"payload":{"local_timestamp":1711377901783,"message_id":29,"stderr":true,"stdout":"    "},"type":"ws_msg"}
{"payload":{"local_timestamp":1711377901783,"message_id":30,"stderr":true,"stdout":"loggers = Loggers("},"type":"ws_msg"}
{"payload":{"local_timestamp":1711377901785,"message_id":31,"stderr":true,"stdout":"\n"},"type":"ws_msg"}
{"payload":{"local_timestamp":1711377901785,"message_id":32,"stderr":true,"stdout":"  File \"C:\\Users\\Drum0\\yolov5\\utils\\loggers\\__init__.py\", line 148, in __init__\n"},"type":"ws_msg"}
{"payload":{"local_timestamp":1711377901786,"message_id":33,"stderr":true,"stdout":"    "},"type":"ws_msg"}
{"payload":{"local_timestamp":1711377901786,"message_id":34,"stderr":true,"stdout":"self.comet_logger = CometLogger(self.opt, self.hyp)"},"type":"ws_msg"}
{"payload":{"local_timestamp":1711377901786,"message_id":35,"stderr":true,"stdout":"\n"},"type":"ws_msg"}
{"payload":{"local_timestamp":1711377901786,"message_id":36,"stderr":true,"stdout":"  File \"C:\\Users\\Drum0\\yolov5\\utils\\loggers\\comet\\__init__.py\", line 97, in __init__\n"},"type":"ws_msg"}
{"payload":{"local_timestamp":1711377901786,"message_id":37,"stderr":true,"stdout":"    "},"type":"ws_msg"}
{"payload":{"local_timestamp":1711377901786,"message_id":38,"stderr":true,"stdout":"self.data_dict = self.check_dataset(self.opt.data)"},"type":"ws_msg"}
{"payload":{"local_timestamp":1711377901786,"message_id":39,"stderr":true,"stdout":"\n"},"type":"ws_msg"}
{"payload":{"local_timestamp":1711377901786,"message_id":40,"stderr":true,"stdout":"  File \"C:\\Users\\Drum0\\yolov5\\utils\\loggers\\comet\\__init__.py\", line 247, in check_dataset\n"},"type":"ws_msg"}
{"payload":{"local_timestamp":1711377901786,"message_id":41,"stderr":true,"stdout":"    "},"type":"ws_msg"}
{"payload":{"local_timestamp":1711377901786,"message_id":42,"stderr":true,"stdout":"data_config = yaml.safe_load(f)"},"type":"ws_msg"}
{"payload":{"local_timestamp":1711377901786,"message_id":43,"stderr":true,"stdout":"\n"},"type":"ws_msg"}
{"payload":{"local_timestamp":1711377901786,"message_id":44,"stderr":true,"stdout":"  File \"C:\\Users\\Drum0\\anaconda3\\envs\\yolov5\\lib\\site-packages\\yaml\\__init__.py\", line 125, in safe_load\n"},"type":"ws_msg"}
{"payload":{"local_timestamp":1711377901787,"message_id":45,"stderr":true,"stdout":"    "},"type":"ws_msg"}
{"payload":{"local_timestamp":1711377901787,"message_id":46,"stderr":true,"stdout":"return load(stream, SafeLoader)"},"type":"ws_msg"}
{"payload":{"local_timestamp":1711377901787,"message_id":47,"stderr":true,"stdout":"\n"},"type":"ws_msg"}
{"payload":{"local_timestamp":1711377901787,"message_id":48,"stderr":true,"stdout":"  File \"C:\\Users\\Drum0\\anaconda3\\envs\\yolov5\\lib\\site-packages\\yaml\\__init__.py\", line 81, in load\n"},"type":"ws_msg"}
{"payload":{"local_timestamp":1711377901787,"message_id":49,"stderr":true,"stdout":"    "},"type":"ws_msg"}
{"payload":{"local_timestamp":1711377901787,"message_id":50,"stderr":true,"stdout":"return loader.get_single_data()"},"type":"ws_msg"}
{"payload":{"local_timestamp":1711377901787,"message_id":51,"stderr":true,"stdout":"\n"},"type":"ws_msg"}
{"payload":{"local_timestamp":1711377901787,"message_id":52,"stderr":true,"stdout":"  File \"C:\\Users\\Drum0\\anaconda3\\envs\\yolov5\\lib\\site-packages\\yaml\\constructor.py\", line 49, in get_single_data\n"},"type":"ws_msg"}
{"payload":{"local_timestamp":1711377901787,"message_id":53,"stderr":true,"stdout":"    "},"type":"ws_msg"}
{"payload":{"local_timestamp":1711377901787,"message_id":54,"stderr":true,"stdout":"node = self.get_single_node()"},"type":"ws_msg"}
{"payload":{"local_timestamp":1711377901787,"message_id":55,"stderr":true,"stdout":"\n"},"type":"ws_msg"}
{"payload":{"local_timestamp":1711377901787,"message_id":56,"stderr":true,"stdout":"  File \"C:\\Users\\Drum0\\anaconda3\\envs\\yolov5\\lib\\site-packages\\yaml\\composer.py\", line 36, in get_single_node\n"},"type":"ws_msg"}
{"payload":{"local_timestamp":1711377901788,"message_id":57,"stderr":true,"stdout":"    "},"type":"ws_msg"}
{"payload":{"local_timestamp":1711377901788,"message_id":58,"stderr":true,"stdout":"document = self.compose_document()"},"type":"ws_msg"}
{"payload":{"local_timestamp":1711377901788,"message_id":59,"stderr":true,"stdout":"\n"},"type":"ws_msg"}
{"payload":{"local_timestamp":1711377901788,"message_id":60,"stderr":true,"stdout":"  File \"C:\\Users\\Drum0\\anaconda3\\envs\\yolov5\\lib\\site-packages\\yaml\\composer.py\", line 55, in compose_document\n"},"type":"ws_msg"}
{"payload":{"local_timestamp":1711377901789,"message_id":61,"stderr":true,"stdout":"    "},"type":"ws_msg"}
{"payload":{"local_timestamp":1711377901789,"message_id":62,"stderr":true,"stdout":"node = self.compose_node(None, None)"},"type":"ws_msg"}
{"payload":{"local_timestamp":1711377901789,"message_id":63,"stderr":true,"stdout":"\n"},"type":"ws_msg"}
{"payload":{"local_timestamp":1711377901789,"message_id":64,"stderr":true,"stdout":"  File \"C:\\Users\\Drum0\\anaconda3\\envs\\yolov5\\lib\\site-packages\\yaml\\composer.py\", line 84, in compose_node\n"},"type":"ws_msg"}
{"payload":{"local_timestamp":1711377901789,"message_id":65,"stderr":true,"stdout":"    "},"type":"ws_msg"}
{"payload":{"local_timestamp":1711377901789,"message_id":66,"stderr":true,"stdout":"node = self.compose_mapping_node(anchor)"},"type":"ws_msg"}
{"payload":{"local_timestamp":1711377901790,"message_id":67,"stderr":true,"stdout":"\n"},"type":"ws_msg"}
{"payload":{"local_timestamp":1711377901791,"message_id":68,"stderr":true,"stdout":"  File \"C:\\Users\\Drum0\\anaconda3\\envs\\yolov5\\lib\\site-packages\\yaml\\composer.py\", line 133, in compose_mapping_node\n"},"type":"ws_msg"}
{"payload":{"local_timestamp":1711377901791,"message_id":69,"stderr":true,"stdout":"    "},"type":"ws_msg"}
{"payload":{"local_timestamp":1711377901791,"message_id":70,"stderr":true,"stdout":"item_value = self.compose_node(node, item_key)"},"type":"ws_msg"}
{"payload":{"local_timestamp":1711377901791,"message_id":71,"stderr":true,"stdout":"\n"},"type":"ws_msg"}
{"payload":{"local_timestamp":1711377901791,"message_id":72,"stderr":true,"stdout":"  File \"C:\\Users\\Drum0\\anaconda3\\envs\\yolov5\\lib\\site-packages\\yaml\\composer.py\", line 64, in compose_node\n"},"type":"ws_msg"}
{"payload":{"local_timestamp":1711377901791,"message_id":73,"stderr":true,"stdout":"    "},"type":"ws_msg"}
{"payload":{"local_timestamp":1711377901791,"message_id":74,"stderr":true,"stdout":"if self.check_event(AliasEvent):"},"type":"ws_msg"}
{"payload":{"local_timestamp":1711377901791,"message_id":75,"stderr":true,"stdout":"\n"},"type":"ws_msg"}
{"payload":{"local_timestamp":1711377901791,"message_id":76,"stderr":true,"stdout":"  File \"C:\\Users\\Drum0\\anaconda3\\envs\\yolov5\\lib\\site-packages\\yaml\\parser.py\", line 98, in check_event\n"},"type":"ws_msg"}
{"payload":{"local_timestamp":1711377901792,"message_id":77,"stderr":true,"stdout":"    "},"type":"ws_msg"}
{"payload":{"local_timestamp":1711377901792,"message_id":78,"stderr":true,"stdout":"self.current_event = self.state()"},"type":"ws_msg"}
{"payload":{"local_timestamp":1711377901792,"message_id":79,"stderr":true,"stdout":"\n"},"type":"ws_msg"}
{"payload":{"local_timestamp":1711377901792,"message_id":80,"stderr":true,"stdout":"  File \"C:\\Users\\Drum0\\anaconda3\\envs\\yolov5\\lib\\site-packages\\yaml\\parser.py\", line 449, in parse_block_mapping_value\n"},"type":"ws_msg"}
{"payload":{"local_timestamp":1711377901793,"message_id":81,"stderr":true,"stdout":"    "},"type":"ws_msg"}
{"payload":{"local_timestamp":1711377901793,"message_id":82,"stderr":true,"stdout":"if not self.check_token(KeyToken, ValueToken, BlockEndToken):"},"type":"ws_msg"}
{"payload":{"local_timestamp":1711377901793,"message_id":83,"stderr":true,"stdout":"\n"},"type":"ws_msg"}
{"payload":{"local_timestamp":1711377901793,"message_id":84,"stderr":true,"stdout":"  File \"C:\\Users\\Drum0\\anaconda3\\envs\\yolov5\\lib\\site-packages\\yaml\\scanner.py\", line 116, in check_token\n"},"type":"ws_msg"}
{"payload":{"local_timestamp":1711377901793,"message_id":85,"stderr":true,"stdout":"    "},"type":"ws_msg"}
{"payload":{"local_timestamp":1711377901793,"message_id":86,"stderr":true,"stdout":"self.fetch_more_tokens()"},"type":"ws_msg"}
{"payload":{"local_timestamp":1711377901794,"message_id":87,"stderr":true,"stdout":"\n"},"type":"ws_msg"}
{"payload":{"local_timestamp":1711377901795,"message_id":88,"stderr":true,"stdout":"  File \"C:\\Users\\Drum0\\anaconda3\\envs\\yolov5\\lib\\site-packages\\yaml\\scanner.py\", line 251, in fetch_more_tokens\n"},"type":"ws_msg"}
{"payload":{"local_timestamp":1711377901795,"message_id":89,"stderr":true,"stdout":"    "},"type":"ws_msg"}
{"payload":{"local_timestamp":1711377901795,"message_id":90,"stderr":true,"stdout":"return self.fetch_double()"},"type":"ws_msg"}
{"payload":{"local_timestamp":1711377901795,"message_id":91,"stderr":true,"stdout":"\n"},"type":"ws_msg"}
{"payload":{"local_timestamp":1711377901796,"message_id":92,"stderr":true,"stdout":"  File \"C:\\Users\\Drum0\\anaconda3\\envs\\yolov5\\lib\\site-packages\\yaml\\scanner.py\", line 655, in fetch_double\n"},"type":"ws_msg"}
{"payload":{"local_timestamp":1711377901796,"message_id":93,"stderr":true,"stdout":"    "},"type":"ws_msg"}
{"payload":{"local_timestamp":1711377901796,"message_id":94,"stderr":true,"stdout":"self.fetch_flow_scalar(style='\"')"},"type":"ws_msg"}
{"payload":{"local_timestamp":1711377901796,"message_id":95,"stderr":true,"stdout":"\n"},"type":"ws_msg"}
{"payload":{"local_timestamp":1711377901796,"message_id":96,"stderr":true,"stdout":"  File \"C:\\Users\\Drum0\\anaconda3\\envs\\yolov5\\lib\\site-packages\\yaml\\scanner.py\", line 666, in fetch_flow_scalar\n"},"type":"ws_msg"}
{"payload":{"local_timestamp":1711377901797,"message_id":97,"stderr":true,"stdout":"    "},"type":"ws_msg"}
{"payload":{"local_timestamp":1711377901797,"message_id":98,"stderr":true,"stdout":"self.tokens.append(self.scan_flow_scalar(style))"},"type":"ws_msg"}
{"payload":{"local_timestamp":1711377901797,"message_id":99,"stderr":true,"stdout":"\n"},"type":"ws_msg"}
{"payload":{"local_timestamp":1711377901797,"message_id":100,"stderr":true,"stdout":"  File \"C:\\Users\\Drum0\\anaconda3\\envs\\yolov5\\lib\\site-packages\\yaml\\scanner.py\", line 1149, in scan_flow_scalar\n"},"type":"ws_msg"}
{"payload":{"local_timestamp":1711377901798,"message_id":101,"stderr":true,"stdout":"    "},"type":"ws_msg"}
{"payload":{"local_timestamp":1711377901798,"message_id":102,"stderr":true,"stdout":"chunks.extend(self.scan_flow_scalar_non_spaces(double, start_mark))"},"type":"ws_msg"}
{"payload":{"local_timestamp":1711377901798,"message_id":103,"stderr":true,"stdout":"\n"},"type":"ws_msg"}
{"payload":{"local_timestamp":1711377901798,"message_id":104,"stderr":true,"stdout":"  File \"C:\\Users\\Drum0\\anaconda3\\envs\\yolov5\\lib\\site-packages\\yaml\\scanner.py\", line 1213, in scan_flow_scalar_non_spaces\n"},"type":"ws_msg"}
{"payload":{"local_timestamp":1711377901799,"message_id":105,"stderr":true,"stdout":"    "},"type":"ws_msg"}
{"payload":{"local_timestamp":1711377901799,"message_id":106,"stderr":true,"stdout":"raise ScannerError(\"while scanning a double-quoted scalar\", start_mark,"},"type":"ws_msg"}
{"payload":{"local_timestamp":1711377901799,"message_id":107,"stderr":true,"stdout":"\n"},"type":"ws_msg"}
{"payload":{"local_timestamp":1711377901799,"message_id":108,"stderr":true,"stdout":"yaml.scanner"},"type":"ws_msg"}
{"payload":{"local_timestamp":1711377901799,"message_id":109,"stderr":true,"stdout":"."},"type":"ws_msg"}
{"payload":{"local_timestamp":1711377901799,"message_id":110,"stderr":true,"stdout":"ScannerError"},"type":"ws_msg"}
{"payload":{"local_timestamp":1711377901799,"message_id":111,"stderr":true,"stdout":": "},"type":"ws_msg"}
{"payload":{"local_timestamp":1711377901799,"message_id":112,"stderr":true,"stdout":"while scanning a double-quoted scalar\n  in \"C:\\Users\\Drum0\\Desktop\\cattle-detection.v1i.yolov5pytorch\\data.yaml\", line 1, column 8\nexpected escape sequence of 8 hexadecimal numbers, but found 's'\n  in \"C:\\Users\\Drum0\\Desktop\\cattle-detection.v1i.yolov5pytorch\\data.yaml\", line 1, column 13"},"type":"ws_msg"}
{"payload":{"local_timestamp":1711377901799,"message_id":113,"stderr":true,"stdout":"\n"},"type":"ws_msg"}
{"payload":{"local_timestamp":1711377902023,"message_id":114,"metric":{"epoch":null,"metricName":"sys.cpu.percent.avg","metricValue":0.0,"step":null}},"type":"metric_msg"}
{"payload":{"local_timestamp":1711377902023,"message_id":115,"metric":{"epoch":null,"metricName":"sys.ram.total","metricValue":16940494848,"step":null}},"type":"metric_msg"}
{"payload":{"local_timestamp":1711377902023,"message_id":116,"metric":{"epoch":null,"metricName":"sys.ram.used","metricValue":11324702720,"step":null}},"type":"metric_msg"}
{"payload":{"local_timestamp":1711377902023,"message_id":117,"metric":{"epoch":null,"metricName":"sys.ram.available","metricValue":5615792128,"step":null}},"type":"metric_msg"}
{"payload":{"local_timestamp":1711377902023,"message_id":118,"metric":{"epoch":null,"metricName":"sys.ram.percent.used","metricValue":66.8,"step":null}},"type":"metric_msg"}
{"payload":{"local_timestamp":1711377902023,"message_id":119,"metric":{"epoch":null,"metricName":"sys.load.avg","metricValue":0.0,"step":null}},"type":"metric_msg"}
{"payload":{"git_meta":{"branch":"refs/heads/master","origin":"https://github.com/ultralytics/yolov5.git","parent":"db125a20175384d75560dc9af7fb1100d67213fe","repo_name":"yolov5","root":"1e84a23f38fad9e52b59101e9f1246d93066ed1e","status":null,"user":"markConnolly1"},"local_timestamp":1711377902118,"message_id":120},"type":"ws_msg"}
{"payload":{"local_timestamp":1711377902122,"message_id":121,"stderr":true,"stdout":"\u001b[1;38;5;214mCOMET WARNING:\u001b[0m Unknown error exporting current conda environment\n"},"type":"ws_msg"}
{"payload":{"local_timestamp":1711377902125,"message_id":122,"stderr":true,"stdout":"\u001b[1;38;5;214mCOMET WARNING:\u001b[0m Unknown error retrieving Conda package as an explicit file\n"},"type":"ws_msg"}
{"payload":{"local_timestamp":1711377902126,"message_id":123,"stderr":true,"stdout":"\u001b[1;38;5;214mCOMET WARNING:\u001b[0m Unknown error retrieving Conda information\n"},"type":"ws_msg"}
{"payload":{"local_timestamp":1711377902127,"message_id":124,"stderr":true,"stdout":"\u001b[1;38;5;39mCOMET INFO:\u001b[0m ---------------------------------------------------------------------------------------\n"},"type":"ws_msg"}
{"payload":{"local_timestamp":1711377902128,"message_id":125,"stderr":true,"stdout":"\u001b[1;38;5;39mCOMET INFO:\u001b[0m Comet.ml OfflineExperiment Summary\n"},"type":"ws_msg"}
{"payload":{"local_timestamp":1711377902128,"message_id":126,"stderr":true,"stdout":"\u001b[1;38;5;39mCOMET INFO:\u001b[0m ---------------------------------------------------------------------------------------\n"},"type":"ws_msg"}
{"payload":{"local_timestamp":1711377902128,"message_id":127,"stderr":true,"stdout":"\u001b[1;38;5;39mCOMET INFO:\u001b[0m   Data:\n"},"type":"ws_msg"}
{"payload":{"local_timestamp":1711377902128,"message_id":128,"stderr":true,"stdout":"\u001b[1;38;5;39mCOMET INFO:\u001b[0m     display_summary_level : 1\n"},"type":"ws_msg"}
{"payload":{"local_timestamp":1711377902128,"message_id":129,"stderr":true,"stdout":"\u001b[1;38;5;39mCOMET INFO:\u001b[0m     url                   : [OfflineExperiment will get URL after upload]\n"},"type":"ws_msg"}
{"payload":{"local_timestamp":1711377902129,"message_id":130,"stderr":true,"stdout":"\u001b[1;38;5;39mCOMET INFO:\u001b[0m   Others:\n"},"type":"ws_msg"}
{"payload":{"local_timestamp":1711377902129,"message_id":131,"stderr":true,"stdout":"\u001b[1;38;5;39mCOMET INFO:\u001b[0m     Name               : exp\n"},"type":"ws_msg"}
{"payload":{"local_timestamp":1711377902129,"message_id":132,"stderr":true,"stdout":"\u001b[1;38;5;39mCOMET INFO:\u001b[0m     offline_experiment : True\n"},"type":"ws_msg"}
{"payload":{"local_timestamp":1711377902129,"message_id":133,"stderr":true,"stdout":"\u001b[1;38;5;39mCOMET INFO:\u001b[0m   Uploads:\n"},"type":"ws_msg"}
{"payload":{"local_timestamp":1711377902130,"message_id":134,"stderr":true,"stdout":"\u001b[1;38;5;39mCOMET INFO:\u001b[0m     environment details : 1\n"},"type":"ws_msg"}
{"payload":{"local_timestamp":1711377902130,"message_id":135,"stderr":true,"stdout":"\u001b[1;38;5;39mCOMET INFO:\u001b[0m     git metadata        : 1\n"},"type":"ws_msg"}
{"payload":{"local_timestamp":1711377902130,"message_id":136,"stderr":true,"stdout":"\u001b[1;38;5;39mCOMET INFO:\u001b[0m     installed packages  : 1\n"},"type":"ws_msg"}
{"payload":{"local_timestamp":1711377902130,"message_id":137,"stderr":true,"stdout":"\u001b[1;38;5;39mCOMET INFO:\u001b[0m \n"},"type":"ws_msg"}
