{"offline_id": "1f88e9b2c427422eacd50ea1b9c1cd64", "project_name": "yolov5", "start_time": 1713275645414, "stop_time": 1713275678736, "tags": [], "workspace": null, "resume_strategy": "create", "customer_error_reported": true, "customer_error_message": "Unexpected error detected in the user script: AssertionError('Label class 2 exceeds nc=1 in C:\\\\Users\\\\Drum0\\\\Desktop\\\\cattle-detection.v1i.yolov5pytorch\\\\data.yaml. Possible class labels are 0-0')", "user_provided_experiment_key": false, "comet_start_sourced": false}