{"payload":{"installed_packages":["attrs==23.2.0","brotli==1.0.9","certifi==2024.2.2","charset-normalizer==2.0.4","colorama==0.4.6","comet-ml==3.39.1","configobj==5.0.8","contourpy==1.1.1","cycler==0.12.1","dulwich==0.21.7","everett==3.1.0","filelock==3.13.1","fonttools==4.50.0","fsspec==2024.3.1","gitdb==4.0.11","gitpython==3.1.42","gmpy2==2.1.2","idna==3.4","importlib-resources==6.3.2","jinja2==3.1.3","jsonschema==4.21.1","jsonschema-specifications==2023.12.1","kiwisolver==1.4.5","markdown-it-py==3.0.0","markupsafe==2.1.3","matplotlib==3.7.5","mdurl==0.1.2","mkl-fft==1.3.8","mkl-random==1.2.4","mkl-service==2.4.0","mpmath==1.3.0","networkx==3.1","numpy==1.24.3","opencv-python==4.9.0.80","packaging==24.0","pandas==2.0.3","pillow==10.2.0","pip==23.3.1","pkgutil-resolve-name==1.3.10","psutil==5.9.8","py-cpuinfo==9.0.0","pygments==2.17.2","pyparsing==3.1.2","pysocks==1.7.1","python-box==6.1.0","python-dateutil==2.9.0.post0","pytz==2024.1","pyyaml==6.0.1","referencing==0.34.0","requests==2.31.0","requests-toolbelt==1.0.0","rich==13.7.1","rpds-py==0.18.0","scipy==1.10.1","seaborn==0.13.2","semantic-version==2.10.0","sentry-sdk==1.43.0","setuptools==68.2.2","simplejson==3.19.2","six==1.16.0","smmap==5.0.1","sympy==1.12","thop==0.1.1.post2209072238","torch==2.2.1","torchaudio==2.2.1","torchvision==0.17.1","tqdm==4.66.2","typing-extensions==4.9.0","tzdata==2024.1","ultralytics==8.1.29","urllib3==2.1.0","websocket-client==1.3.3","wheel==0.41.2","win-inet-pton==1.1.0","wrapt==1.16.0","wurlitzer==3.0.3","zipp==3.18.1"],"local_timestamp":1712150092971,"message_id":1},"type":"ws_msg"}
{"payload":{"env_details":{"command":["train.py","--img","640","--batch","16","--epochs","25","--data","C:\\Users\\Drum0\\Desktop\\cattle-detection.v1i.yolov5pytorch\\data.yaml","--weights","C:\\Users\\Drum0\\yolov5\\runs\\train\\exp9\\weights\\best.pt"],"env":null,"hostname":"MSI","ip":"192.168.1.5","machine":"AMD64","os":"Windows-10-10.0.22631-SP0","os_release":"10","os_type":"Windows","pid":1412,"processor":"Intel64 Family 6 Model 154 Stepping 3, GenuineIntel","python_exe":"C:\\Users\\Drum0\\anaconda3\\envs\\yolov5\\python.exe","python_version":"3.8.18","python_version_verbose":"3.8.18 (default, Sep 11 2023, 13:39:12) [MSC v.1916 64 bit (AMD64)]","user":"Drum0"},"local_timestamp":1712150093021,"message_id":2},"type":"ws_msg"}
{"payload":{"gpu_static_info":[{"gpu_index":0,"name":"NVIDIA GeForce RTX 3080 Laptop GPU","power_limit":150000,"total_memory":8589934592,"uuid":"GPU-6ddcb604-f027-c3ce-6e37-ae7c285eca30"}],"local_timestamp":1712150093063,"message_id":3},"type":"ws_msg"}
{"payload":{"local_timestamp":1712150093063,"message_id":4,"metric":{"epoch":null,"metricName":"sys.gpu.0.total_memory","metricValue":8589934592,"step":null}},"type":"metric_msg"}
{"payload":{"local_timestamp":1712150093065,"message_id":5,"param":{"paramName":"img","paramValue":640,"source":"cli","step":null}},"type":"parameter_msg"}
{"payload":{"local_timestamp":1712150093065,"message_id":6,"param":{"paramName":"batch","paramValue":16,"source":"cli","step":null}},"type":"parameter_msg"}
{"payload":{"local_timestamp":1712150093065,"message_id":7,"param":{"paramName":"epochs","paramValue":25,"source":"cli","step":null}},"type":"parameter_msg"}
{"payload":{"local_timestamp":1712150093065,"message_id":8,"param":{"paramName":"data","paramValue":"C:\\Users\\Drum0\\Desktop\\cattle-detection.v1i.yolov5pytorch\\data.yaml","source":"cli","step":null}},"type":"parameter_msg"}
{"payload":{"local_timestamp":1712150093065,"message_id":9,"param":{"paramName":"weights","paramValue":"C:\\Users\\Drum0\\yolov5\\runs\\train\\exp9\\weights\\best.pt","source":"cli","step":null}},"type":"parameter_msg"}
{"payload":{"local_timestamp":1712150093066,"log_other":{"key":"offline_experiment","val":true},"message_id":10},"type":"ws_msg"}
{"payload":{"local_timestamp":1712150093066,"log_other":{"key":"Name","val":"exp"},"message_id":11},"type":"ws_msg"}
{"payload":{"local_timestamp":1712150093066,"message_id":12,"metric":{"epoch":null,"metricName":"sys.gpu.0.gpu_utilization","metricValue":6,"step":null}},"type":"metric_msg"}
{"payload":{"local_timestamp":1712150093066,"message_id":13,"metric":{"epoch":null,"metricName":"sys.gpu.0.power_usage","metricValue":26581,"step":null}},"type":"metric_msg"}
{"payload":{"local_timestamp":1712150093066,"message_id":14,"metric":{"epoch":null,"metricName":"sys.gpu.0.temperature","metricValue":48,"step":null}},"type":"metric_msg"}
{"payload":{"local_timestamp":1712150093066,"message_id":15,"metric":{"epoch":null,"metricName":"sys.gpu.0.memory_utilization","metricValue":3,"step":null}},"type":"metric_msg"}
{"payload":{"local_timestamp":1712150093066,"message_id":16,"metric":{"epoch":null,"metricName":"sys.gpu.0.free_memory","metricValue":6597918720,"step":null}},"type":"metric_msg"}
{"payload":{"local_timestamp":1712150093066,"message_id":17,"metric":{"epoch":null,"metricName":"sys.gpu.0.used_memory","metricValue":1992015872,"step":null}},"type":"metric_msg"}
{"payload":{"local_timestamp":1712150093066,"message_id":18,"metric":{"epoch":null,"metricName":"sys.gpu.0.percent.used_memory","metricValue":23.19011688232422,"step":null}},"type":"metric_msg"}
{"payload":{"additional_params":{"assetId":"48f1648e26be450691dc12c311f3d887","context":null,"extension":"yaml","fileName":"data.yaml","overwrite":false,"runId":null,"step":null},"clean":true,"file_path":"tmpx2xzlo0l","local_timestamp":1712150093069,"message_id":19,"metadata":{"type":"data-config-file"},"upload_type":"asset"},"type":"file_upload"}
{"payload":{"local_timestamp":1712150093072,"log_other":{"key":"Created from","val":"YOLOv5"},"message_id":20},"type":"ws_msg"}
{"payload":{"local_timestamp":1712150093073,"log_other":{"key":"hasNestedParams","val":true},"message_id":21},"type":"ws_msg"}
{"payload":{"local_timestamp":1712150093073,"message_id":22,"param":{"paramName":"artifact_alias","paramValue":"latest","source":"manual","step":null}},"type":"parameter_msg"}
{"payload":{"local_timestamp":1712150093073,"message_id":23,"param":{"paramName":"batch_size","paramValue":16,"source":"manual","step":null}},"type":"parameter_msg"}
{"payload":{"local_timestamp":1712150093073,"message_id":24,"param":{"paramName":"bbox_interval","paramValue":-1,"source":"manual","step":null}},"type":"parameter_msg"}
{"payload":{"local_timestamp":1712150093073,"message_id":25,"param":{"paramName":"bucket","paramValue":"","source":"manual","step":null}},"type":"parameter_msg"}
{"payload":{"local_timestamp":1712150093073,"message_id":26,"param":{"paramName":"cache","paramValue":null,"source":"manual","step":null}},"type":"parameter_msg"}
{"payload":{"local_timestamp":1712150093073,"message_id":27,"param":{"paramName":"cfg","paramValue":"","source":"manual","step":null}},"type":"parameter_msg"}
{"payload":{"local_timestamp":1712150093073,"message_id":28,"param":{"paramName":"cos_lr","paramValue":false,"source":"manual","step":null}},"type":"parameter_msg"}
{"payload":{"local_timestamp":1712150093073,"message_id":29,"param":{"paramName":"device","paramValue":"","source":"manual","step":null}},"type":"parameter_msg"}
{"payload":{"local_timestamp":1712150093073,"message_id":30,"param":{"paramName":"entity","paramValue":null,"source":"manual","step":null}},"type":"parameter_msg"}
{"payload":{"local_timestamp":1712150093073,"message_id":31,"param":{"paramName":"evolve","paramValue":null,"source":"manual","step":null}},"type":"parameter_msg"}
{"payload":{"local_timestamp":1712150093073,"message_id":32,"param":{"paramName":"evolve_population","paramValue":"data\\hyps","source":"manual","step":null}},"type":"parameter_msg"}
{"payload":{"local_timestamp":1712150093073,"message_id":33,"param":{"paramName":"exist_ok","paramValue":false,"source":"manual","step":null}},"type":"parameter_msg"}
{"payload":{"local_timestamp":1712150093073,"message_id":34,"params":{"paramName":"freeze","paramValue":[0],"source":"manual","step":null}},"type":"parameter_msg"}
{"payload":{"local_timestamp":1712150093073,"message_id":35,"param":{"paramName":"hyp|anchor_t","paramValue":4.0,"source":"manual","step":null}},"type":"parameter_msg"}
{"payload":{"local_timestamp":1712150093073,"message_id":36,"param":{"paramName":"hyp|box","paramValue":0.05,"source":"manual","step":null}},"type":"parameter_msg"}
{"payload":{"local_timestamp":1712150093073,"message_id":37,"param":{"paramName":"hyp|cls","paramValue":0.5,"source":"manual","step":null}},"type":"parameter_msg"}
{"payload":{"local_timestamp":1712150093073,"message_id":38,"param":{"paramName":"hyp|cls_pw","paramValue":1.0,"source":"manual","step":null}},"type":"parameter_msg"}
{"payload":{"local_timestamp":1712150093073,"message_id":39,"param":{"paramName":"hyp|copy_paste","paramValue":0.0,"source":"manual","step":null}},"type":"parameter_msg"}
{"payload":{"local_timestamp":1712150093073,"message_id":40,"param":{"paramName":"hyp|degrees","paramValue":0.0,"source":"manual","step":null}},"type":"parameter_msg"}
{"payload":{"local_timestamp":1712150093073,"message_id":41,"param":{"paramName":"hyp|fl_gamma","paramValue":0.0,"source":"manual","step":null}},"type":"parameter_msg"}
{"payload":{"local_timestamp":1712150093073,"message_id":42,"param":{"paramName":"hyp|fliplr","paramValue":0.5,"source":"manual","step":null}},"type":"parameter_msg"}
{"payload":{"local_timestamp":1712150093073,"message_id":43,"param":{"paramName":"hyp|flipud","paramValue":0.0,"source":"manual","step":null}},"type":"parameter_msg"}
{"payload":{"local_timestamp":1712150093073,"message_id":44,"param":{"paramName":"hyp|hsv_h","paramValue":0.015,"source":"manual","step":null}},"type":"parameter_msg"}
{"payload":{"local_timestamp":1712150093073,"message_id":45,"param":{"paramName":"hyp|hsv_s","paramValue":0.7,"source":"manual","step":null}},"type":"parameter_msg"}
{"payload":{"local_timestamp":1712150093073,"message_id":46,"param":{"paramName":"hyp|hsv_v","paramValue":0.4,"source":"manual","step":null}},"type":"parameter_msg"}
{"payload":{"local_timestamp":1712150093073,"message_id":47,"param":{"paramName":"hyp|iou_t","paramValue":0.2,"source":"manual","step":null}},"type":"parameter_msg"}
{"payload":{"local_timestamp":1712150093073,"message_id":48,"param":{"paramName":"hyp|lr0","paramValue":0.01,"source":"manual","step":null}},"type":"parameter_msg"}
{"payload":{"local_timestamp":1712150093073,"message_id":49,"param":{"paramName":"hyp|lrf","paramValue":0.01,"source":"manual","step":null}},"type":"parameter_msg"}
{"payload":{"local_timestamp":1712150093073,"message_id":50,"param":{"paramName":"hyp|mixup","paramValue":0.0,"source":"manual","step":null}},"type":"parameter_msg"}
{"payload":{"local_timestamp":1712150093073,"message_id":51,"param":{"paramName":"hyp|momentum","paramValue":0.937,"source":"manual","step":null}},"type":"parameter_msg"}
{"payload":{"local_timestamp":1712150093073,"message_id":52,"param":{"paramName":"hyp|mosaic","paramValue":1.0,"source":"manual","step":null}},"type":"parameter_msg"}
{"payload":{"local_timestamp":1712150093073,"message_id":53,"param":{"paramName":"hyp|obj","paramValue":1.0,"source":"manual","step":null}},"type":"parameter_msg"}
{"payload":{"local_timestamp":1712150093073,"message_id":54,"param":{"paramName":"hyp|obj_pw","paramValue":1.0,"source":"manual","step":null}},"type":"parameter_msg"}
{"payload":{"local_timestamp":1712150093073,"message_id":55,"param":{"paramName":"hyp|perspective","paramValue":0.0,"source":"manual","step":null}},"type":"parameter_msg"}
{"payload":{"local_timestamp":1712150093073,"message_id":56,"param":{"paramName":"hyp|scale","paramValue":0.5,"source":"manual","step":null}},"type":"parameter_msg"}
{"payload":{"local_timestamp":1712150093073,"message_id":57,"param":{"paramName":"hyp|shear","paramValue":0.0,"source":"manual","step":null}},"type":"parameter_msg"}
{"payload":{"local_timestamp":1712150093073,"message_id":58,"param":{"paramName":"hyp|translate","paramValue":0.1,"source":"manual","step":null}},"type":"parameter_msg"}
{"payload":{"local_timestamp":1712150093073,"message_id":59,"param":{"paramName":"hyp|warmup_bias_lr","paramValue":0.1,"source":"manual","step":null}},"type":"parameter_msg"}
{"payload":{"local_timestamp":1712150093073,"message_id":60,"param":{"paramName":"hyp|warmup_epochs","paramValue":3.0,"source":"manual","step":null}},"type":"parameter_msg"}
{"payload":{"local_timestamp":1712150093073,"message_id":61,"param":{"paramName":"hyp|warmup_momentum","paramValue":0.8,"source":"manual","step":null}},"type":"parameter_msg"}
{"payload":{"local_timestamp":1712150093073,"message_id":62,"param":{"paramName":"hyp|weight_decay","paramValue":0.0005,"source":"manual","step":null}},"type":"parameter_msg"}
{"payload":{"local_timestamp":1712150093073,"message_id":63,"param":{"paramName":"image_weights","paramValue":false,"source":"manual","step":null}},"type":"parameter_msg"}
{"payload":{"local_timestamp":1712150093073,"message_id":64,"param":{"paramName":"imgsz","paramValue":640,"source":"manual","step":null}},"type":"parameter_msg"}
{"payload":{"local_timestamp":1712150093073,"message_id":65,"param":{"paramName":"label_smoothing","paramValue":0.0,"source":"manual","step":null}},"type":"parameter_msg"}
{"payload":{"local_timestamp":1712150093073,"message_id":66,"param":{"paramName":"local_rank","paramValue":-1,"source":"manual","step":null}},"type":"parameter_msg"}
{"payload":{"local_timestamp":1712150093073,"message_id":67,"param":{"paramName":"multi_scale","paramValue":false,"source":"manual","step":null}},"type":"parameter_msg"}
{"payload":{"local_timestamp":1712150093073,"message_id":68,"param":{"paramName":"name","paramValue":"exp","source":"manual","step":null}},"type":"parameter_msg"}
{"payload":{"local_timestamp":1712150093073,"message_id":69,"param":{"paramName":"ndjson_console","paramValue":false,"source":"manual","step":null}},"type":"parameter_msg"}
{"payload":{"local_timestamp":1712150093073,"message_id":70,"param":{"paramName":"ndjson_file","paramValue":false,"source":"manual","step":null}},"type":"parameter_msg"}
{"payload":{"local_timestamp":1712150093073,"message_id":71,"param":{"paramName":"noautoanchor","paramValue":false,"source":"manual","step":null}},"type":"parameter_msg"}
{"payload":{"local_timestamp":1712150093073,"message_id":72,"param":{"paramName":"noplots","paramValue":false,"source":"manual","step":null}},"type":"parameter_msg"}
{"payload":{"local_timestamp":1712150093073,"message_id":73,"param":{"paramName":"nosave","paramValue":false,"source":"manual","step":null}},"type":"parameter_msg"}
{"payload":{"local_timestamp":1712150093073,"message_id":74,"param":{"paramName":"noval","paramValue":false,"source":"manual","step":null}},"type":"parameter_msg"}
{"payload":{"local_timestamp":1712150093073,"message_id":75,"param":{"paramName":"optimizer","paramValue":"SGD","source":"manual","step":null}},"type":"parameter_msg"}
{"payload":{"local_timestamp":1712150093073,"message_id":76,"param":{"paramName":"patience","paramValue":100,"source":"manual","step":null}},"type":"parameter_msg"}
{"payload":{"local_timestamp":1712150093073,"message_id":77,"param":{"paramName":"project","paramValue":"runs\\train","source":"manual","step":null}},"type":"parameter_msg"}
{"payload":{"local_timestamp":1712150093073,"message_id":78,"param":{"paramName":"quad","paramValue":false,"source":"manual","step":null}},"type":"parameter_msg"}
{"payload":{"local_timestamp":1712150093073,"message_id":79,"param":{"paramName":"rect","paramValue":false,"source":"manual","step":null}},"type":"parameter_msg"}
{"payload":{"local_timestamp":1712150093073,"message_id":80,"param":{"paramName":"resume","paramValue":false,"source":"manual","step":null}},"type":"parameter_msg"}
{"payload":{"local_timestamp":1712150093073,"message_id":81,"param":{"paramName":"resume_evolve","paramValue":null,"source":"manual","step":null}},"type":"parameter_msg"}
{"payload":{"local_timestamp":1712150093073,"message_id":82,"param":{"paramName":"save_dir","paramValue":"runs\\train\\exp11","source":"manual","step":null}},"type":"parameter_msg"}
{"payload":{"local_timestamp":1712150093073,"message_id":83,"param":{"paramName":"save_period","paramValue":-1,"source":"manual","step":null}},"type":"parameter_msg"}
{"payload":{"local_timestamp":1712150093073,"message_id":84,"param":{"paramName":"seed","paramValue":0,"source":"manual","step":null}},"type":"parameter_msg"}
{"payload":{"local_timestamp":1712150093073,"message_id":85,"param":{"paramName":"single_cls","paramValue":false,"source":"manual","step":null}},"type":"parameter_msg"}
{"payload":{"local_timestamp":1712150093073,"message_id":86,"param":{"paramName":"sync_bn","paramValue":false,"source":"manual","step":null}},"type":"parameter_msg"}
{"payload":{"local_timestamp":1712150093073,"message_id":87,"param":{"paramName":"upload_dataset","paramValue":false,"source":"manual","step":null}},"type":"parameter_msg"}
{"payload":{"local_timestamp":1712150093073,"message_id":88,"param":{"paramName":"workers","paramValue":8,"source":"manual","step":null}},"type":"parameter_msg"}
{"payload":{"local_timestamp":1712150093073,"message_id":89,"param":{"paramName":"anchor_t","paramValue":4.0,"source":"manual","step":null}},"type":"parameter_msg"}
{"payload":{"local_timestamp":1712150093073,"message_id":90,"param":{"paramName":"box","paramValue":0.05,"source":"manual","step":null}},"type":"parameter_msg"}
{"payload":{"local_timestamp":1712150093073,"message_id":91,"param":{"paramName":"cls","paramValue":0.5,"source":"manual","step":null}},"type":"parameter_msg"}
{"payload":{"local_timestamp":1712150093073,"message_id":92,"param":{"paramName":"cls_pw","paramValue":1.0,"source":"manual","step":null}},"type":"parameter_msg"}
{"payload":{"local_timestamp":1712150093073,"message_id":93,"param":{"paramName":"copy_paste","paramValue":0.0,"source":"manual","step":null}},"type":"parameter_msg"}
{"payload":{"local_timestamp":1712150093073,"message_id":94,"param":{"paramName":"degrees","paramValue":0.0,"source":"manual","step":null}},"type":"parameter_msg"}
{"payload":{"local_timestamp":1712150093073,"message_id":95,"param":{"paramName":"fl_gamma","paramValue":0.0,"source":"manual","step":null}},"type":"parameter_msg"}
{"payload":{"local_timestamp":1712150093073,"message_id":96,"param":{"paramName":"fliplr","paramValue":0.5,"source":"manual","step":null}},"type":"parameter_msg"}
{"payload":{"local_timestamp":1712150093073,"message_id":97,"param":{"paramName":"flipud","paramValue":0.0,"source":"manual","step":null}},"type":"parameter_msg"}
{"payload":{"local_timestamp":1712150093073,"message_id":98,"param":{"paramName":"hsv_h","paramValue":0.015,"source":"manual","step":null}},"type":"parameter_msg"}
{"payload":{"local_timestamp":1712150093073,"message_id":99,"param":{"paramName":"hsv_s","paramValue":0.7,"source":"manual","step":null}},"type":"parameter_msg"}
{"payload":{"local_timestamp":1712150093073,"message_id":100,"param":{"paramName":"hsv_v","paramValue":0.4,"source":"manual","step":null}},"type":"parameter_msg"}
{"payload":{"local_timestamp":1712150093073,"message_id":101,"param":{"paramName":"iou_t","paramValue":0.2,"source":"manual","step":null}},"type":"parameter_msg"}
{"payload":{"local_timestamp":1712150093073,"message_id":102,"param":{"paramName":"lr0","paramValue":0.01,"source":"manual","step":null}},"type":"parameter_msg"}
{"payload":{"local_timestamp":1712150093073,"message_id":103,"param":{"paramName":"lrf","paramValue":0.01,"source":"manual","step":null}},"type":"parameter_msg"}
{"payload":{"local_timestamp":1712150093073,"message_id":104,"param":{"paramName":"mixup","paramValue":0.0,"source":"manual","step":null}},"type":"parameter_msg"}
{"payload":{"local_timestamp":1712150093073,"message_id":105,"param":{"paramName":"momentum","paramValue":0.937,"source":"manual","step":null}},"type":"parameter_msg"}
{"payload":{"local_timestamp":1712150093073,"message_id":106,"param":{"paramName":"mosaic","paramValue":1.0,"source":"manual","step":null}},"type":"parameter_msg"}
{"payload":{"local_timestamp":1712150093073,"message_id":107,"param":{"paramName":"obj","paramValue":1.0,"source":"manual","step":null}},"type":"parameter_msg"}
{"payload":{"local_timestamp":1712150093073,"message_id":108,"param":{"paramName":"obj_pw","paramValue":1.0,"source":"manual","step":null}},"type":"parameter_msg"}
{"payload":{"local_timestamp":1712150093073,"message_id":109,"param":{"paramName":"perspective","paramValue":0.0,"source":"manual","step":null}},"type":"parameter_msg"}
{"payload":{"local_timestamp":1712150093073,"message_id":110,"param":{"paramName":"scale","paramValue":0.5,"source":"manual","step":null}},"type":"parameter_msg"}
{"payload":{"local_timestamp":1712150093073,"message_id":111,"param":{"paramName":"shear","paramValue":0.0,"source":"manual","step":null}},"type":"parameter_msg"}
{"payload":{"local_timestamp":1712150093073,"message_id":112,"param":{"paramName":"translate","paramValue":0.1,"source":"manual","step":null}},"type":"parameter_msg"}
{"payload":{"local_timestamp":1712150093073,"message_id":113,"param":{"paramName":"warmup_bias_lr","paramValue":0.1,"source":"manual","step":null}},"type":"parameter_msg"}
{"payload":{"local_timestamp":1712150093073,"message_id":114,"param":{"paramName":"warmup_epochs","paramValue":3.0,"source":"manual","step":null}},"type":"parameter_msg"}
{"payload":{"local_timestamp":1712150093073,"message_id":115,"param":{"paramName":"warmup_momentum","paramValue":0.8,"source":"manual","step":null}},"type":"parameter_msg"}
{"payload":{"local_timestamp":1712150093073,"message_id":116,"param":{"paramName":"weight_decay","paramValue":0.0005,"source":"manual","step":null}},"type":"parameter_msg"}
{"payload":{"additional_params":{"assetId":"3fa3b6a866bc4274879d438d53e9e1dd","context":null,"epoch":null,"extension":"json","fileName":"hyperparameters.json","overwrite":false,"runId":null,"step":null},"clean":true,"file_path":"tmpanqvi2je","local_timestamp":1712150093081,"message_id":117,"metadata":{"type":"hyp-config-file"},"upload_type":"asset"},"type":"file_upload"}
{"payload":{"additional_params":{"assetId":"570d8e85af794104bbc91ea15b9bffba","context":null,"extension":"yaml","fileName":"opt.yaml","overwrite":false,"runId":null,"step":null},"clean":true,"file_path":"tmphymewcsu","local_timestamp":1712150093075,"message_id":118,"metadata":{"type":"opt-config-file"},"upload_type":"asset"},"type":"file_upload"}
{"payload":{"local_timestamp":1712150093076,"message_id":119,"param":{"paramName":"val_conf_threshold","paramValue":0.001,"source":"manual","step":null}},"type":"parameter_msg"}
{"payload":{"local_timestamp":1712150093076,"message_id":120,"param":{"paramName":"val_iou_threshold","paramValue":0.6,"source":"manual","step":null}},"type":"parameter_msg"}
{"payload":{"local_timestamp":1712150093076,"log_other":{"key":"comet_mode","val":"online"},"message_id":121},"type":"ws_msg"}
{"payload":{"local_timestamp":1712150093076,"log_other":{"key":"comet_max_image_uploads","val":100},"message_id":122},"type":"ws_msg"}
{"payload":{"local_timestamp":1712150093076,"log_other":{"key":"comet_log_per_class_metrics","val":false},"message_id":123},"type":"ws_msg"}
{"payload":{"local_timestamp":1712150093076,"log_other":{"key":"comet_log_batch_metrics","val":false},"message_id":124},"type":"ws_msg"}
{"payload":{"local_timestamp":1712150093076,"log_other":{"key":"comet_log_confusion_matrix","val":true},"message_id":125},"type":"ws_msg"}
{"payload":{"local_timestamp":1712150093076,"log_other":{"key":"comet_model_name","val":"yolov5"},"message_id":126},"type":"ws_msg"}
{"payload":{"local_timestamp":1712150093119,"message_id":127,"stderr":true,"stdout":"\n                 from  n    params  module                                  arguments                     \n"},"type":"ws_msg"}
{"payload":{"local_timestamp":1712150093124,"message_id":128,"stderr":true,"stdout":"  0                -1  1      3520  models.common.Conv                      [3, 32, 6, 2, 2]              \n"},"type":"ws_msg"}
{"payload":{"local_timestamp":1712150093124,"message_id":129,"stderr":true,"stdout":"  1                -1  1     18560  models.common.Conv                      [32, 64, 3, 2]                \n"},"type":"ws_msg"}
{"payload":{"local_timestamp":1712150093127,"message_id":130,"stderr":true,"stdout":"  2                -1  1     18816  models.common.C3                        [64, 64, 1]                   \n"},"type":"ws_msg"}
{"payload":{"local_timestamp":1712150093129,"message_id":131,"stderr":true,"stdout":"  3                -1  1     73984  models.common.Conv                      [64, 128, 3, 2]               \n"},"type":"ws_msg"}
{"payload":{"local_timestamp":1712150093134,"message_id":132,"stderr":true,"stdout":"  4                -1  2    115712  models.common.C3                        [128, 128, 2]                 \n"},"type":"ws_msg"}
{"payload":{"local_timestamp":1712150093136,"message_id":133,"stderr":true,"stdout":"  5                -1  1    295424  models.common.Conv                      [128, 256, 3, 2]              \n"},"type":"ws_msg"}
{"payload":{"local_timestamp":1712150093142,"message_id":134,"stderr":true,"stdout":"  6                -1  3    625152  models.common.C3                        [256, 256, 3]                 \n"},"type":"ws_msg"}
{"payload":{"local_timestamp":1712150093147,"message_id":135,"stderr":true,"stdout":"  7                -1  1   1180672  models.common.Conv                      [256, 512, 3, 2]              \n"},"type":"ws_msg"}
{"payload":{"local_timestamp":1712150093153,"message_id":136,"stderr":true,"stdout":"  8                -1  1   1182720  models.common.C3                        [512, 512, 1]                 \n"},"type":"ws_msg"}
{"payload":{"local_timestamp":1712150093158,"message_id":137,"stderr":true,"stdout":"  9                -1  1    656896  models.common.SPPF                      [512, 512, 5]                 \n"},"type":"ws_msg"}
{"payload":{"local_timestamp":1712150093159,"message_id":138,"stderr":true,"stdout":" 10                -1  1    131584  models.common.Conv                      [512, 256, 1, 1]              \n"},"type":"ws_msg"}
{"payload":{"local_timestamp":1712150093160,"message_id":139,"stderr":true,"stdout":" 11                -1  1         0  torch.nn.modules.upsampling.Upsample    [None, 2, 'nearest']          \n"},"type":"ws_msg"}
{"payload":{"local_timestamp":1712150093160,"message_id":140,"stderr":true,"stdout":" 12           [-1, 6]  1         0  models.common.Concat                    [1]                           \n"},"type":"ws_msg"}
{"payload":{"local_timestamp":1712150093164,"message_id":141,"stderr":true,"stdout":" 13                -1  1    361984  models.common.C3                        [512, 256, 1, False]          \n"},"type":"ws_msg"}
{"payload":{"local_timestamp":1712150093165,"message_id":142,"stderr":true,"stdout":" 14                -1  1     33024  models.common.Conv                      [256, 128, 1, 1]              \n"},"type":"ws_msg"}
{"payload":{"local_timestamp":1712150093165,"message_id":143,"stderr":true,"stdout":" 15                -1  1         0  torch.nn.modules.upsampling.Upsample    [None, 2, 'nearest']          \n"},"type":"ws_msg"}
{"payload":{"local_timestamp":1712150093165,"message_id":144,"stderr":true,"stdout":" 16           [-1, 4]  1         0  models.common.Concat                    [1]                           \n"},"type":"ws_msg"}
{"payload":{"local_timestamp":1712150093168,"message_id":145,"stderr":true,"stdout":" 17                -1  1     90880  models.common.C3                        [256, 128, 1, False]          \n"},"type":"ws_msg"}
{"payload":{"local_timestamp":1712150093169,"message_id":146,"stderr":true,"stdout":" 18                -1  1    147712  models.common.Conv                      [128, 128, 3, 2]              \n"},"type":"ws_msg"}
{"payload":{"local_timestamp":1712150093169,"message_id":147,"stderr":true,"stdout":" 19          [-1, 14]  1         0  models.common.Concat                    [1]                           \n"},"type":"ws_msg"}
{"payload":{"local_timestamp":1712150093174,"message_id":148,"stderr":true,"stdout":" 20                -1  1    296448  models.common.C3                        [256, 256, 1, False]          \n"},"type":"ws_msg"}
{"payload":{"local_timestamp":1712150093176,"message_id":149,"stderr":true,"stdout":" 21                -1  1    590336  models.common.Conv                      [256, 256, 3, 2]              \n"},"type":"ws_msg"}
{"payload":{"local_timestamp":1712150093176,"message_id":150,"stderr":true,"stdout":" 22          [-1, 10]  1         0  models.common.Concat                    [1]                           \n"},"type":"ws_msg"}
{"payload":{"local_timestamp":1712150093314,"message_id":151,"metric":{"epoch":null,"metricName":"sys.cpu.percent.avg","metricValue":0.0,"step":null}},"type":"metric_msg"}
{"payload":{"local_timestamp":1712150093314,"message_id":152,"metric":{"epoch":null,"metricName":"sys.ram.total","metricValue":16940494848,"step":null}},"type":"metric_msg"}
{"payload":{"local_timestamp":1712150093314,"message_id":153,"metric":{"epoch":null,"metricName":"sys.ram.used","metricValue":9104203776,"step":null}},"type":"metric_msg"}
{"payload":{"local_timestamp":1712150093314,"message_id":154,"metric":{"epoch":null,"metricName":"sys.ram.available","metricValue":7836291072,"step":null}},"type":"metric_msg"}
{"payload":{"local_timestamp":1712150093314,"message_id":155,"metric":{"epoch":null,"metricName":"sys.ram.percent.used","metricValue":53.7,"step":null}},"type":"metric_msg"}
{"payload":{"local_timestamp":1712150093314,"message_id":156,"metric":{"epoch":null,"metricName":"sys.load.avg","metricValue":0.0,"step":null}},"type":"metric_msg"}
{"payload":{"local_timestamp":1712150093318,"message_id":157,"stderr":true,"stdout":" 23                -1  1   1182720  models.common.C3                        [512, 512, 1, False]          \n"},"type":"ws_msg"}
{"payload":{"local_timestamp":1712150093320,"message_id":158,"stderr":true,"stdout":" 24      [17, 20, 23]  1     21576  models.yolo.Detect                      [3, [[10, 13, 16, 30, 33, 23], [30, 61, 62, 45, 59, 119], [116, 90, 156, 198, 373, 326]], [128, 256, 512]]\n"},"type":"ws_msg"}
{"payload":{"git_meta":{"branch":"refs/heads/master","origin":"https://github.com/ultralytics/yolov5.git","parent":"db125a20175384d75560dc9af7fb1100d67213fe","repo_name":"yolov5","root":"1e84a23f38fad9e52b59101e9f1246d93066ed1e","status":null,"user":"markConnolly1"},"local_timestamp":1712150093533,"message_id":159},"type":"ws_msg"}
{"payload":{"local_timestamp":1712150093540,"message_id":160,"stderr":true,"stdout":"\u001b[1;38;5;214mCOMET WARNING:\u001b[0m Unknown error exporting current conda environment\n"},"type":"ws_msg"}
{"payload":{"local_timestamp":1712150093551,"message_id":161,"stderr":true,"stdout":"\u001b[1;38;5;214mCOMET WARNING:\u001b[0m Unknown error retrieving Conda package as an explicit file\n"},"type":"ws_msg"}
{"payload":{"local_timestamp":1712150093553,"message_id":162,"stderr":true,"stdout":"\u001b[1;38;5;214mCOMET WARNING:\u001b[0m Unknown error retrieving Conda information\n"},"type":"ws_msg"}
{"payload":{"local_timestamp":1712150093567,"message_id":163,"stderr":true,"stdout":"Model summary: 214 layers, 7027720 parameters, 7027720 gradients, 16.0 GFLOPs\n"},"type":"ws_msg"}
{"payload":{"local_timestamp":1712150093567,"message_id":164,"stderr":true,"stdout":"\n"},"type":"ws_msg"}
{"payload":{"local_timestamp":1712150093590,"message_id":165,"stderr":true,"stdout":"Transferred 349/349 items from C:\\Users\\Drum0\\yolov5\\runs\\train\\exp9\\weights\\best.pt\n"},"type":"ws_msg"}
{"payload":{"local_timestamp":1712150093591,"message_id":166,"stderr":true,"stdout":"\u001b[34m\u001b[1moptimizer:\u001b[0m SGD(lr=0.01) with parameter groups 57 weight(decay=0.0), 60 weight(decay=0.0005), 60 bias\n"},"type":"ws_msg"}
{"payload":{"local_timestamp":1712150093945,"message_id":167,"stderr":true,"stdout":"\r\u001b[34m\u001b[1mtrain: \u001b[0mScanning C:\\Users\\Drum0\\Desktop\\cattle-detection.v1i.yolov5pytorch\\train\\labels.cache... 2797 images, 0 backgrounds, 0 corrupt: 100%|\u2588\u2588\u2588\u2588\u2588\u2588\u2588\u2588\u2588\u2588| 2797/2797 [00:00<?, ?it/s]\u001b[0m"},"type":"ws_msg"}
{"payload":{"local_timestamp":1712150093945,"message_id":168,"stderr":true,"stdout":"\r\u001b[34m\u001b[1mtrain: \u001b[0mScanning C:\\Users\\Drum0\\Desktop\\cattle-detection.v1i.yolov5pytorch\\train\\labels.cache... 2797 images, 0 backgrounds, 0 corrupt: 100%|\u2588\u2588\u2588\u2588\u2588\u2588\u2588\u2588\u2588\u2588| 2797/2797 [00:00<?, ?it/s]\u001b[0m"},"type":"ws_msg"}
{"payload":{"local_timestamp":1712150093945,"message_id":169,"stderr":true,"stdout":"\n"},"type":"ws_msg"}
{"payload":{"local_timestamp":1712150122692,"message_id":170,"stderr":true,"stdout":"\r\u001b[34m\u001b[1mval: \u001b[0mScanning C:\\Users\\Drum0\\Desktop\\cattle-detection.v1i.yolov5pytorch\\valid\\labels.cache... 799 images, 0 backgrounds, 0 corrupt: 100%|\u2588\u2588\u2588\u2588\u2588\u2588\u2588\u2588\u2588\u2588| 799/799 [00:00<?, ?it/s]\u001b[0m"},"type":"ws_msg"}
{"payload":{"local_timestamp":1712150122692,"message_id":171,"stderr":true,"stdout":"\r\u001b[34m\u001b[1mval: \u001b[0mScanning C:\\Users\\Drum0\\Desktop\\cattle-detection.v1i.yolov5pytorch\\valid\\labels.cache... 799 images, 0 backgrounds, 0 corrupt: 100%|\u2588\u2588\u2588\u2588\u2588\u2588\u2588\u2588\u2588\u2588| 799/799 [00:00<?, ?it/s]\u001b[0m"},"type":"ws_msg"}
{"payload":{"local_timestamp":1712150122692,"message_id":172,"stderr":true,"stdout":"\n"},"type":"ws_msg"}
{"payload":{"local_timestamp":1712150123637,"message_id":173,"metric":{"epoch":null,"metricName":"sys.gpu.0.gpu_utilization","metricValue":4,"step":null}},"type":"metric_msg"}
{"payload":{"local_timestamp":1712150123637,"message_id":174,"metric":{"epoch":null,"metricName":"sys.gpu.0.power_usage","metricValue":27148,"step":null}},"type":"metric_msg"}
{"payload":{"local_timestamp":1712150123637,"message_id":175,"metric":{"epoch":null,"metricName":"sys.gpu.0.temperature","metricValue":53,"step":null}},"type":"metric_msg"}
{"payload":{"local_timestamp":1712150123637,"message_id":176,"metric":{"epoch":null,"metricName":"sys.gpu.0.memory_utilization","metricValue":3,"step":null}},"type":"metric_msg"}
{"payload":{"local_timestamp":1712150123637,"message_id":177,"metric":{"epoch":null,"metricName":"sys.gpu.0.free_memory","metricValue":6578208768,"step":null}},"type":"metric_msg"}
{"payload":{"local_timestamp":1712150123637,"message_id":178,"metric":{"epoch":null,"metricName":"sys.gpu.0.used_memory","metricValue":2011725824,"step":null}},"type":"metric_msg"}
{"payload":{"local_timestamp":1712150123637,"message_id":179,"metric":{"epoch":null,"metricName":"sys.gpu.0.percent.used_memory","metricValue":23.419570922851562,"step":null}},"type":"metric_msg"}
{"payload":{"local_timestamp":1712150123750,"message_id":180,"metric":{"epoch":null,"metricName":"sys.cpu.percent.avg","metricValue":2.605,"step":null}},"type":"metric_msg"}
{"payload":{"local_timestamp":1712150123750,"message_id":181,"metric":{"epoch":null,"metricName":"sys.ram.total","metricValue":16940494848,"step":null}},"type":"metric_msg"}
{"payload":{"local_timestamp":1712150123750,"message_id":182,"metric":{"epoch":null,"metricName":"sys.ram.used","metricValue":12125302784,"step":null}},"type":"metric_msg"}
{"payload":{"local_timestamp":1712150123750,"message_id":183,"metric":{"epoch":null,"metricName":"sys.ram.available","metricValue":4815192064,"step":null}},"type":"metric_msg"}
{"payload":{"local_timestamp":1712150123750,"message_id":184,"metric":{"epoch":null,"metricName":"sys.ram.percent.used","metricValue":71.6,"step":null}},"type":"metric_msg"}
{"payload":{"local_timestamp":1712150123750,"message_id":185,"metric":{"epoch":null,"metricName":"sys.load.avg","metricValue":0.31,"step":null}},"type":"metric_msg"}
{"payload":{"local_timestamp":1712150123859,"message_id":186,"metric":{"epoch":null,"metricName":"sys.network.send_bps","metricValue":421,"step":null}},"type":"metric_msg"}
{"payload":{"local_timestamp":1712150123860,"message_id":187,"metric":{"epoch":null,"metricName":"sys.network.receive_bps","metricValue":2679,"step":null}},"type":"metric_msg"}
{"payload":{"local_timestamp":1712150123966,"message_id":188,"metric":{"epoch":null,"metricName":"sys.disk.read_bps","metricValue":4497161.493262334,"step":null}},"type":"metric_msg"}
{"payload":{"local_timestamp":1712150123966,"message_id":189,"metric":{"epoch":null,"metricName":"sys.disk.write_bps","metricValue":2300931.9954307145,"step":null}},"type":"metric_msg"}
{"payload":{"local_timestamp":1712150154013,"message_id":190,"metric":{"epoch":null,"metricName":"sys.gpu.0.gpu_utilization","metricValue":7,"step":null}},"type":"metric_msg"}
{"payload":{"local_timestamp":1712150154013,"message_id":191,"metric":{"epoch":null,"metricName":"sys.gpu.0.power_usage","metricValue":24943,"step":null}},"type":"metric_msg"}
{"payload":{"local_timestamp":1712150154013,"message_id":192,"metric":{"epoch":null,"metricName":"sys.gpu.0.temperature","metricValue":53,"step":null}},"type":"metric_msg"}
{"payload":{"local_timestamp":1712150154013,"message_id":193,"metric":{"epoch":null,"metricName":"sys.gpu.0.memory_utilization","metricValue":20,"step":null}},"type":"metric_msg"}
{"payload":{"local_timestamp":1712150154013,"message_id":194,"metric":{"epoch":null,"metricName":"sys.gpu.0.free_memory","metricValue":6576443392,"step":null}},"type":"metric_msg"}
{"payload":{"local_timestamp":1712150154013,"message_id":195,"metric":{"epoch":null,"metricName":"sys.gpu.0.used_memory","metricValue":2013491200,"step":null}},"type":"metric_msg"}
{"payload":{"local_timestamp":1712150154013,"message_id":196,"metric":{"epoch":null,"metricName":"sys.gpu.0.percent.used_memory","metricValue":23.440122604370117,"step":null}},"type":"metric_msg"}
{"payload":{"local_timestamp":1712150154124,"message_id":197,"metric":{"epoch":null,"metricName":"sys.cpu.percent.avg","metricValue":2.4699999999999998,"step":null}},"type":"metric_msg"}
{"payload":{"local_timestamp":1712150154124,"message_id":198,"metric":{"epoch":null,"metricName":"sys.ram.total","metricValue":16940494848,"step":null}},"type":"metric_msg"}
{"payload":{"local_timestamp":1712150154124,"message_id":199,"metric":{"epoch":null,"metricName":"sys.ram.used","metricValue":14057152512,"step":null}},"type":"metric_msg"}
{"payload":{"local_timestamp":1712150154124,"message_id":200,"metric":{"epoch":null,"metricName":"sys.ram.available","metricValue":2883342336,"step":null}},"type":"metric_msg"}
{"payload":{"local_timestamp":1712150154124,"message_id":201,"metric":{"epoch":null,"metricName":"sys.ram.percent.used","metricValue":83.0,"step":null}},"type":"metric_msg"}
{"payload":{"local_timestamp":1712150154124,"message_id":202,"metric":{"epoch":null,"metricName":"sys.load.avg","metricValue":0.19,"step":null}},"type":"metric_msg"}
{"payload":{"local_timestamp":1712150154235,"message_id":203,"metric":{"epoch":null,"metricName":"sys.network.send_bps","metricValue":1364,"step":null}},"type":"metric_msg"}
{"payload":{"local_timestamp":1712150154235,"message_id":204,"metric":{"epoch":null,"metricName":"sys.network.receive_bps","metricValue":3239,"step":null}},"type":"metric_msg"}
{"payload":{"local_timestamp":1712150154340,"message_id":205,"metric":{"epoch":null,"metricName":"sys.disk.read_bps","metricValue":521604.91630309646,"step":null}},"type":"metric_msg"}
{"payload":{"local_timestamp":1712150154340,"message_id":206,"metric":{"epoch":null,"metricName":"sys.disk.write_bps","metricValue":5301544.901639073,"step":null}},"type":"metric_msg"}
{"payload":{"local_timestamp":1712150179096,"message_id":207,"stderr":true,"stdout":"\n\u001b[34m\u001b[1mAutoAnchor: \u001b[0m3.47 anchors/target, 1.000 Best Possible Recall (BPR). Current anchors are a good fit to dataset \n"},"type":"ws_msg"}
{"payload":{"local_timestamp":1712150179187,"message_id":208,"stderr":true,"stdout":"Plotting labels to runs\\train\\exp11\\labels.jpg... \n"},"type":"ws_msg"}
{"payload":{"additional_params":{"assetId":"42a33592c87540a0be540749fa53f601","context":null,"extension":"jpg","fileName":"labels.jpg","overwrite":false,"runId":null,"step":null},"clean":true,"file_path":"tmps0pxr717","local_timestamp":1712150181899,"message_id":209,"metadata":{},"upload_type":"asset"},"type":"file_upload"}
{"payload":{"additional_params":{"assetId":"636394b997544206b9b6f0b49398a375","context":null,"extension":"jpg","fileName":"labels_correlogram.jpg","overwrite":false,"runId":null,"step":null},"clean":true,"file_path":"tmpo9o8rf6y","local_timestamp":1712150181900,"message_id":210,"metadata":{},"upload_type":"asset"},"type":"file_upload"}
{"payload":{"local_timestamp":1712150181902,"message_id":211,"param":{"paramName":"cls","paramValue":0.01875,"source":"manual","step":null}},"type":"parameter_msg"}
{"payload":{"local_timestamp":1712150181903,"message_id":212,"stderr":true,"stdout":"Image sizes 640 train, 640 val\nUsing 8 dataloader workers\nLogging results to \u001b[1mruns\\train\\exp11\u001b[0m\nStarting training for 25 epochs...\n"},"type":"ws_msg"}
{"payload":{"local_timestamp":1712150181903,"message_id":213,"stderr":true,"stdout":"\n      Epoch    GPU_mem   box_loss   obj_loss   cls_loss  Instances       Size\n"},"type":"ws_msg"}
{"payload":{"local_timestamp":1712150181904,"message_id":214,"stderr":true,"stdout":"\r  0%|          | 0/175 [00:00<?, ?it/s]"},"type":"ws_msg"}
{"payload":{"local_timestamp":1712150184553,"message_id":215,"metric":{"epoch":null,"metricName":"sys.gpu.0.gpu_utilization","metricValue":8,"step":null}},"type":"metric_msg"}
{"payload":{"local_timestamp":1712150184555,"message_id":216,"metric":{"epoch":null,"metricName":"sys.gpu.0.power_usage","metricValue":25947,"step":null}},"type":"metric_msg"}
{"payload":{"local_timestamp":1712150184556,"message_id":217,"metric":{"epoch":null,"metricName":"sys.gpu.0.temperature","metricValue":49,"step":null}},"type":"metric_msg"}
{"payload":{"local_timestamp":1712150184556,"message_id":218,"metric":{"epoch":null,"metricName":"sys.gpu.0.memory_utilization","metricValue":3,"step":null}},"type":"metric_msg"}
{"payload":{"local_timestamp":1712150184556,"message_id":219,"metric":{"epoch":null,"metricName":"sys.gpu.0.free_memory","metricValue":6676398080,"step":null}},"type":"metric_msg"}
{"payload":{"local_timestamp":1712150184556,"message_id":220,"metric":{"epoch":null,"metricName":"sys.gpu.0.used_memory","metricValue":1913536512,"step":null}},"type":"metric_msg"}
{"payload":{"local_timestamp":1712150184556,"message_id":221,"metric":{"epoch":null,"metricName":"sys.gpu.0.percent.used_memory","metricValue":22.27649688720703,"step":null}},"type":"metric_msg"}
{"payload":{"local_timestamp":1712150184665,"message_id":222,"metric":{"epoch":null,"metricName":"sys.cpu.percent.avg","metricValue":4.77,"step":null}},"type":"metric_msg"}
{"payload":{"local_timestamp":1712150184665,"message_id":223,"metric":{"epoch":null,"metricName":"sys.ram.total","metricValue":16940494848,"step":null}},"type":"metric_msg"}
{"payload":{"local_timestamp":1712150184665,"message_id":224,"metric":{"epoch":null,"metricName":"sys.ram.used","metricValue":16933023744,"step":null}},"type":"metric_msg"}
{"payload":{"local_timestamp":1712150184665,"message_id":225,"metric":{"epoch":null,"metricName":"sys.ram.available","metricValue":7471104,"step":null}},"type":"metric_msg"}
{"payload":{"local_timestamp":1712150184665,"message_id":226,"metric":{"epoch":null,"metricName":"sys.ram.percent.used","metricValue":100.0,"step":null}},"type":"metric_msg"}
{"payload":{"local_timestamp":1712150184665,"message_id":227,"metric":{"epoch":null,"metricName":"sys.load.avg","metricValue":0.25,"step":null}},"type":"metric_msg"}
{"payload":{"local_timestamp":1712150184817,"message_id":228,"metric":{"epoch":null,"metricName":"sys.network.send_bps","metricValue":820,"step":null}},"type":"metric_msg"}
{"payload":{"local_timestamp":1712150184817,"message_id":229,"metric":{"epoch":null,"metricName":"sys.network.receive_bps","metricValue":4295,"step":null}},"type":"metric_msg"}
{"payload":{"local_timestamp":1712150184925,"message_id":230,"metric":{"epoch":null,"metricName":"sys.disk.read_bps","metricValue":7059778.277308365,"step":null}},"type":"metric_msg"}
{"payload":{"local_timestamp":1712150184925,"message_id":231,"metric":{"epoch":null,"metricName":"sys.disk.write_bps","metricValue":54646567.28596865,"step":null}},"type":"metric_msg"}
{"payload":{"local_timestamp":1712150200073,"message_id":232,"param":{"paramName":"curr_step","paramValue":0,"source":"auto-logged","step":0}},"type":"parameter_msg"}
{"payload":{"graph":"DetectionModel(\n  (model): Sequential(\n    (0): Conv(\n      (conv): Conv2d(3, 32, kernel_size=(6, 6), stride=(2, 2), padding=(2, 2), bias=False)\n      (bn): BatchNorm2d(32, eps=0.001, momentum=0.03, affine=True, track_running_stats=True)\n      (act): SiLU(inplace=True)\n    )\n    (1): Conv(\n      (conv): Conv2d(32, 64, kernel_size=(3, 3), stride=(2, 2), padding=(1, 1), bias=False)\n      (bn): BatchNorm2d(64, eps=0.001, momentum=0.03, affine=True, track_running_stats=True)\n      (act): SiLU(inplace=True)\n    )\n    (2): C3(\n      (cv1): Conv(\n        (conv): Conv2d(64, 32, kernel_size=(1, 1), stride=(1, 1), bias=False)\n        (bn): BatchNorm2d(32, eps=0.001, momentum=0.03, affine=True, track_running_stats=True)\n        (act): SiLU(inplace=True)\n      )\n      (cv2): Conv(\n        (conv): Conv2d(64, 32, kernel_size=(1, 1), stride=(1, 1), bias=False)\n        (bn): BatchNorm2d(32, eps=0.001, momentum=0.03, affine=True, track_running_stats=True)\n        (act): SiLU(inplace=True)\n      )\n      (cv3): Conv(\n        (conv): Conv2d(64, 64, kernel_size=(1, 1), stride=(1, 1), bias=False)\n        (bn): BatchNorm2d(64, eps=0.001, momentum=0.03, affine=True, track_running_stats=True)\n        (act): SiLU(inplace=True)\n      )\n      (m): Sequential(\n        (0): Bottleneck(\n          (cv1): Conv(\n            (conv): Conv2d(32, 32, kernel_size=(1, 1), stride=(1, 1), bias=False)\n            (bn): BatchNorm2d(32, eps=0.001, momentum=0.03, affine=True, track_running_stats=True)\n            (act): SiLU(inplace=True)\n          )\n          (cv2): Conv(\n            (conv): Conv2d(32, 32, kernel_size=(3, 3), stride=(1, 1), padding=(1, 1), bias=False)\n            (bn): BatchNorm2d(32, eps=0.001, momentum=0.03, affine=True, track_running_stats=True)\n            (act): SiLU(inplace=True)\n          )\n        )\n      )\n    )\n    (3): Conv(\n      (conv): Conv2d(64, 128, kernel_size=(3, 3), stride=(2, 2), padding=(1, 1), bias=False)\n      (bn): BatchNorm2d(128, eps=0.001, momentum=0.03, affine=True, track_running_stats=True)\n      (act): SiLU(inplace=True)\n    )\n    (4): C3(\n      (cv1): Conv(\n        (conv): Conv2d(128, 64, kernel_size=(1, 1), stride=(1, 1), bias=False)\n        (bn): BatchNorm2d(64, eps=0.001, momentum=0.03, affine=True, track_running_stats=True)\n        (act): SiLU(inplace=True)\n      )\n      (cv2): Conv(\n        (conv): Conv2d(128, 64, kernel_size=(1, 1), stride=(1, 1), bias=False)\n        (bn): BatchNorm2d(64, eps=0.001, momentum=0.03, affine=True, track_running_stats=True)\n        (act): SiLU(inplace=True)\n      )\n      (cv3): Conv(\n        (conv): Conv2d(128, 128, kernel_size=(1, 1), stride=(1, 1), bias=False)\n        (bn): BatchNorm2d(128, eps=0.001, momentum=0.03, affine=True, track_running_stats=True)\n        (act): SiLU(inplace=True)\n      )\n      (m): Sequential(\n        (0): Bottleneck(\n          (cv1): Conv(\n            (conv): Conv2d(64, 64, kernel_size=(1, 1), stride=(1, 1), bias=False)\n            (bn): BatchNorm2d(64, eps=0.001, momentum=0.03, affine=True, track_running_stats=True)\n            (act): SiLU(inplace=True)\n          )\n          (cv2): Conv(\n            (conv): Conv2d(64, 64, kernel_size=(3, 3), stride=(1, 1), padding=(1, 1), bias=False)\n            (bn): BatchNorm2d(64, eps=0.001, momentum=0.03, affine=True, track_running_stats=True)\n            (act): SiLU(inplace=True)\n          )\n        )\n        (1): Bottleneck(\n          (cv1): Conv(\n            (conv): Conv2d(64, 64, kernel_size=(1, 1), stride=(1, 1), bias=False)\n            (bn): BatchNorm2d(64, eps=0.001, momentum=0.03, affine=True, track_running_stats=True)\n            (act): SiLU(inplace=True)\n          )\n          (cv2): Conv(\n            (conv): Conv2d(64, 64, kernel_size=(3, 3), stride=(1, 1), padding=(1, 1), bias=False)\n            (bn): BatchNorm2d(64, eps=0.001, momentum=0.03, affine=True, track_running_stats=True)\n            (act): SiLU(inplace=True)\n          )\n        )\n      )\n    )\n    (5): Conv(\n      (conv): Conv2d(128, 256, kernel_size=(3, 3), stride=(2, 2), padding=(1, 1), bias=False)\n      (bn): BatchNorm2d(256, eps=0.001, momentum=0.03, affine=True, track_running_stats=True)\n      (act): SiLU(inplace=True)\n    )\n    (6): C3(\n      (cv1): Conv(\n        (conv): Conv2d(256, 128, kernel_size=(1, 1), stride=(1, 1), bias=False)\n        (bn): BatchNorm2d(128, eps=0.001, momentum=0.03, affine=True, track_running_stats=True)\n        (act): SiLU(inplace=True)\n      )\n      (cv2): Conv(\n        (conv): Conv2d(256, 128, kernel_size=(1, 1), stride=(1, 1), bias=False)\n        (bn): BatchNorm2d(128, eps=0.001, momentum=0.03, affine=True, track_running_stats=True)\n        (act): SiLU(inplace=True)\n      )\n      (cv3): Conv(\n        (conv): Conv2d(256, 256, kernel_size=(1, 1), stride=(1, 1), bias=False)\n        (bn): BatchNorm2d(256, eps=0.001, momentum=0.03, affine=True, track_running_stats=True)\n        (act): SiLU(inplace=True)\n      )\n      (m): Sequential(\n        (0): Bottleneck(\n          (cv1): Conv(\n            (conv): Conv2d(128, 128, kernel_size=(1, 1), stride=(1, 1), bias=False)\n            (bn): BatchNorm2d(128, eps=0.001, momentum=0.03, affine=True, track_running_stats=True)\n            (act): SiLU(inplace=True)\n          )\n          (cv2): Conv(\n            (conv): Conv2d(128, 128, kernel_size=(3, 3), stride=(1, 1), padding=(1, 1), bias=False)\n            (bn): BatchNorm2d(128, eps=0.001, momentum=0.03, affine=True, track_running_stats=True)\n            (act): SiLU(inplace=True)\n          )\n        )\n        (1): Bottleneck(\n          (cv1): Conv(\n            (conv): Conv2d(128, 128, kernel_size=(1, 1), stride=(1, 1), bias=False)\n            (bn): BatchNorm2d(128, eps=0.001, momentum=0.03, affine=True, track_running_stats=True)\n            (act): SiLU(inplace=True)\n          )\n          (cv2): Conv(\n            (conv): Conv2d(128, 128, kernel_size=(3, 3), stride=(1, 1), padding=(1, 1), bias=False)\n            (bn): BatchNorm2d(128, eps=0.001, momentum=0.03, affine=True, track_running_stats=True)\n            (act): SiLU(inplace=True)\n          )\n        )\n        (2): Bottleneck(\n          (cv1): Conv(\n            (conv): Conv2d(128, 128, kernel_size=(1, 1), stride=(1, 1), bias=False)\n            (bn): BatchNorm2d(128, eps=0.001, momentum=0.03, affine=True, track_running_stats=True)\n            (act): SiLU(inplace=True)\n          )\n          (cv2): Conv(\n            (conv): Conv2d(128, 128, kernel_size=(3, 3), stride=(1, 1), padding=(1, 1), bias=False)\n            (bn): BatchNorm2d(128, eps=0.001, momentum=0.03, affine=True, track_running_stats=True)\n            (act): SiLU(inplace=True)\n          )\n        )\n      )\n    )\n    (7): Conv(\n      (conv): Conv2d(256, 512, kernel_size=(3, 3), stride=(2, 2), padding=(1, 1), bias=False)\n      (bn): BatchNorm2d(512, eps=0.001, momentum=0.03, affine=True, track_running_stats=True)\n      (act): SiLU(inplace=True)\n    )\n    (8): C3(\n      (cv1): Conv(\n        (conv): Conv2d(512, 256, kernel_size=(1, 1), stride=(1, 1), bias=False)\n        (bn): BatchNorm2d(256, eps=0.001, momentum=0.03, affine=True, track_running_stats=True)\n        (act): SiLU(inplace=True)\n      )\n      (cv2): Conv(\n        (conv): Conv2d(512, 256, kernel_size=(1, 1), stride=(1, 1), bias=False)\n        (bn): BatchNorm2d(256, eps=0.001, momentum=0.03, affine=True, track_running_stats=True)\n        (act): SiLU(inplace=True)\n      )\n      (cv3): Conv(\n        (conv): Conv2d(512, 512, kernel_size=(1, 1), stride=(1, 1), bias=False)\n        (bn): BatchNorm2d(512, eps=0.001, momentum=0.03, affine=True, track_running_stats=True)\n        (act): SiLU(inplace=True)\n      )\n      (m): Sequential(\n        (0): Bottleneck(\n          (cv1): Conv(\n            (conv): Conv2d(256, 256, kernel_size=(1, 1), stride=(1, 1), bias=False)\n            (bn): BatchNorm2d(256, eps=0.001, momentum=0.03, affine=True, track_running_stats=True)\n            (act): SiLU(inplace=True)\n          )\n          (cv2): Conv(\n            (conv): Conv2d(256, 256, kernel_size=(3, 3), stride=(1, 1), padding=(1, 1), bias=False)\n            (bn): BatchNorm2d(256, eps=0.001, momentum=0.03, affine=True, track_running_stats=True)\n            (act): SiLU(inplace=True)\n          )\n        )\n      )\n    )\n    (9): SPPF(\n      (cv1): Conv(\n        (conv): Conv2d(512, 256, kernel_size=(1, 1), stride=(1, 1), bias=False)\n        (bn): BatchNorm2d(256, eps=0.001, momentum=0.03, affine=True, track_running_stats=True)\n        (act): SiLU(inplace=True)\n      )\n      (cv2): Conv(\n        (conv): Conv2d(1024, 512, kernel_size=(1, 1), stride=(1, 1), bias=False)\n        (bn): BatchNorm2d(512, eps=0.001, momentum=0.03, affine=True, track_running_stats=True)\n        (act): SiLU(inplace=True)\n      )\n      (m): MaxPool2d(kernel_size=5, stride=1, padding=2, dilation=1, ceil_mode=False)\n    )\n    (10): Conv(\n      (conv): Conv2d(512, 256, kernel_size=(1, 1), stride=(1, 1), bias=False)\n      (bn): BatchNorm2d(256, eps=0.001, momentum=0.03, affine=True, track_running_stats=True)\n      (act): SiLU(inplace=True)\n    )\n    (11): Upsample(scale_factor=2.0, mode='nearest')\n    (12): Concat()\n    (13): C3(\n      (cv1): Conv(\n        (conv): Conv2d(512, 128, kernel_size=(1, 1), stride=(1, 1), bias=False)\n        (bn): BatchNorm2d(128, eps=0.001, momentum=0.03, affine=True, track_running_stats=True)\n        (act): SiLU(inplace=True)\n      )\n      (cv2): Conv(\n        (conv): Conv2d(512, 128, kernel_size=(1, 1), stride=(1, 1), bias=False)\n        (bn): BatchNorm2d(128, eps=0.001, momentum=0.03, affine=True, track_running_stats=True)\n        (act): SiLU(inplace=True)\n      )\n      (cv3): Conv(\n        (conv): Conv2d(256, 256, kernel_size=(1, 1), stride=(1, 1), bias=False)\n        (bn): BatchNorm2d(256, eps=0.001, momentum=0.03, affine=True, track_running_stats=True)\n        (act): SiLU(inplace=True)\n      )\n      (m): Sequential(\n        (0): Bottleneck(\n          (cv1): Conv(\n            (conv): Conv2d(128, 128, kernel_size=(1, 1), stride=(1, 1), bias=False)\n            (bn): BatchNorm2d(128, eps=0.001, momentum=0.03, affine=True, track_running_stats=True)\n            (act): SiLU(inplace=True)\n          )\n          (cv2): Conv(\n            (conv): Conv2d(128, 128, kernel_size=(3, 3), stride=(1, 1), padding=(1, 1), bias=False)\n            (bn): BatchNorm2d(128, eps=0.001, momentum=0.03, affine=True, track_running_stats=True)\n            (act): SiLU(inplace=True)\n          )\n        )\n      )\n    )\n    (14): Conv(\n      (conv): Conv2d(256, 128, kernel_size=(1, 1), stride=(1, 1), bias=False)\n      (bn): BatchNorm2d(128, eps=0.001, momentum=0.03, affine=True, track_running_stats=True)\n      (act): SiLU(inplace=True)\n    )\n    (15): Upsample(scale_factor=2.0, mode='nearest')\n    (16): Concat()\n    (17): C3(\n      (cv1): Conv(\n        (conv): Conv2d(256, 64, kernel_size=(1, 1), stride=(1, 1), bias=False)\n        (bn): BatchNorm2d(64, eps=0.001, momentum=0.03, affine=True, track_running_stats=True)\n        (act): SiLU(inplace=True)\n      )\n      (cv2): Conv(\n        (conv): Conv2d(256, 64, kernel_size=(1, 1), stride=(1, 1), bias=False)\n        (bn): BatchNorm2d(64, eps=0.001, momentum=0.03, affine=True, track_running_stats=True)\n        (act): SiLU(inplace=True)\n      )\n      (cv3): Conv(\n        (conv): Conv2d(128, 128, kernel_size=(1, 1), stride=(1, 1), bias=False)\n        (bn): BatchNorm2d(128, eps=0.001, momentum=0.03, affine=True, track_running_stats=True)\n        (act): SiLU(inplace=True)\n      )\n      (m): Sequential(\n        (0): Bottleneck(\n          (cv1): Conv(\n            (conv): Conv2d(64, 64, kernel_size=(1, 1), stride=(1, 1), bias=False)\n            (bn): BatchNorm2d(64, eps=0.001, momentum=0.03, affine=True, track_running_stats=True)\n            (act): SiLU(inplace=True)\n          )\n          (cv2): Conv(\n            (conv): Conv2d(64, 64, kernel_size=(3, 3), stride=(1, 1), padding=(1, 1), bias=False)\n            (bn): BatchNorm2d(64, eps=0.001, momentum=0.03, affine=True, track_running_stats=True)\n            (act): SiLU(inplace=True)\n          )\n        )\n      )\n    )\n    (18): Conv(\n      (conv): Conv2d(128, 128, kernel_size=(3, 3), stride=(2, 2), padding=(1, 1), bias=False)\n      (bn): BatchNorm2d(128, eps=0.001, momentum=0.03, affine=True, track_running_stats=True)\n      (act): SiLU(inplace=True)\n    )\n    (19): Concat()\n    (20): C3(\n      (cv1): Conv(\n        (conv): Conv2d(256, 128, kernel_size=(1, 1), stride=(1, 1), bias=False)\n        (bn): BatchNorm2d(128, eps=0.001, momentum=0.03, affine=True, track_running_stats=True)\n        (act): SiLU(inplace=True)\n      )\n      (cv2): Conv(\n        (conv): Conv2d(256, 128, kernel_size=(1, 1), stride=(1, 1), bias=False)\n        (bn): BatchNorm2d(128, eps=0.001, momentum=0.03, affine=True, track_running_stats=True)\n        (act): SiLU(inplace=True)\n      )\n      (cv3): Conv(\n        (conv): Conv2d(256, 256, kernel_size=(1, 1), stride=(1, 1), bias=False)\n        (bn): BatchNorm2d(256, eps=0.001, momentum=0.03, affine=True, track_running_stats=True)\n        (act): SiLU(inplace=True)\n      )\n      (m): Sequential(\n        (0): Bottleneck(\n          (cv1): Conv(\n            (conv): Conv2d(128, 128, kernel_size=(1, 1), stride=(1, 1), bias=False)\n            (bn): BatchNorm2d(128, eps=0.001, momentum=0.03, affine=True, track_running_stats=True)\n            (act): SiLU(inplace=True)\n          )\n          (cv2): Conv(\n            (conv): Conv2d(128, 128, kernel_size=(3, 3), stride=(1, 1), padding=(1, 1), bias=False)\n            (bn): BatchNorm2d(128, eps=0.001, momentum=0.03, affine=True, track_running_stats=True)\n            (act): SiLU(inplace=True)\n          )\n        )\n      )\n    )\n    (21): Conv(\n      (conv): Conv2d(256, 256, kernel_size=(3, 3), stride=(2, 2), padding=(1, 1), bias=False)\n      (bn): BatchNorm2d(256, eps=0.001, momentum=0.03, affine=True, track_running_stats=True)\n      (act): SiLU(inplace=True)\n    )\n    (22): Concat()\n    (23): C3(\n      (cv1): Conv(\n        (conv): Conv2d(512, 256, kernel_size=(1, 1), stride=(1, 1), bias=False)\n        (bn): BatchNorm2d(256, eps=0.001, momentum=0.03, affine=True, track_running_stats=True)\n        (act): SiLU(inplace=True)\n      )\n      (cv2): Conv(\n        (conv): Conv2d(512, 256, kernel_size=(1, 1), stride=(1, 1), bias=False)\n        (bn): BatchNorm2d(256, eps=0.001, momentum=0.03, affine=True, track_running_stats=True)\n        (act): SiLU(inplace=True)\n      )\n      (cv3): Conv(\n        (conv): Conv2d(512, 512, kernel_size=(1, 1), stride=(1, 1), bias=False)\n        (bn): BatchNorm2d(512, eps=0.001, momentum=0.03, affine=True, track_running_stats=True)\n        (act): SiLU(inplace=True)\n      )\n      (m): Sequential(\n        (0): Bottleneck(\n          (cv1): Conv(\n            (conv): Conv2d(256, 256, kernel_size=(1, 1), stride=(1, 1), bias=False)\n            (bn): BatchNorm2d(256, eps=0.001, momentum=0.03, affine=True, track_running_stats=True)\n            (act): SiLU(inplace=True)\n          )\n          (cv2): Conv(\n            (conv): Conv2d(256, 256, kernel_size=(3, 3), stride=(1, 1), padding=(1, 1), bias=False)\n            (bn): BatchNorm2d(256, eps=0.001, momentum=0.03, affine=True, track_running_stats=True)\n            (act): SiLU(inplace=True)\n          )\n        )\n      )\n    )\n    (24): Detect(\n      (m): ModuleList(\n        (0): Conv2d(128, 24, kernel_size=(1, 1), stride=(1, 1))\n        (1): Conv2d(256, 24, kernel_size=(1, 1), stride=(1, 1))\n        (2): Conv2d(512, 24, kernel_size=(1, 1), stride=(1, 1))\n      )\n    )\n  )\n)","local_timestamp":1712150200084,"message_id":233},"type":"ws_msg"}
{"payload":{"local_timestamp":1712150200087,"message_id":234,"metric":{"epoch":null,"metricName":"loss","metricValue":0.5095190405845642,"step":0}},"type":"metric_msg"}
{"payload":{"local_timestamp":1712150200205,"message_id":235,"stderr":true,"stdout":"\r       0/24         0G    0.01676   0.009214   0.005872         37        640:   0%|          | 0/175 [00:18<?, ?it/s]"},"type":"ws_msg"}
{"payload":{"local_timestamp":1712150200223,"message_id":236,"stderr":true,"stdout":"\r       0/24         0G    0.01676   0.009214   0.005872         37        640:   1%|          | 1/175 [00:18<53:06, 18.31s/it]"},"type":"ws_msg"}
{"payload":{"local_timestamp":1712150204846,"message_id":237,"param":{"paramName":"curr_step","paramValue":1,"source":"auto-logged","step":1}},"type":"parameter_msg"}
{"payload":{"local_timestamp":1712150204890,"message_id":238,"stderr":true,"stdout":"\r       0/24         0G    0.01858   0.008747   0.006219         37        640:   1%|          | 1/175 [00:22<53:06, 18.31s/it]"},"type":"ws_msg"}
{"payload":{"local_timestamp":1712150204892,"message_id":239,"stderr":true,"stdout":"\r       0/24         0G    0.01858   0.008747   0.006219         37        640:   1%|          | 2/175 [00:22<29:40, 10.29s/it]"},"type":"ws_msg"}
{"payload":{"local_timestamp":1712150209503,"message_id":240,"param":{"paramName":"curr_step","paramValue":2,"source":"auto-logged","step":2}},"type":"parameter_msg"}
{"payload":{"local_timestamp":1712150209536,"message_id":241,"stderr":true,"stdout":"\r       0/24         0G     0.0191   0.008847    0.00642         37        640:   1%|          | 2/175 [00:27<29:40, 10.29s/it]"},"type":"ws_msg"}
{"payload":{"local_timestamp":1712150209540,"message_id":242,"stderr":true,"stdout":"\r       0/24         0G     0.0191   0.008847    0.00642         37        640:   2%|\u258f         | 3/175 [00:27<22:06,  7.71s/it]"},"type":"ws_msg"}
{"payload":{"local_timestamp":1712150214124,"message_id":243,"param":{"paramName":"curr_step","paramValue":3,"source":"auto-logged","step":3}},"type":"parameter_msg"}
{"payload":{"local_timestamp":1712150214174,"message_id":244,"stderr":true,"stdout":"\r       0/24         0G    0.01923   0.008748   0.005853         40        640:   2%|\u258f         | 3/175 [00:32<22:06,  7.71s/it]"},"type":"ws_msg"}
{"payload":{"local_timestamp":1712150214174,"message_id":245,"stderr":true,"stdout":"\r       0/24         0G    0.01923   0.008748   0.005853         40        640:   2%|\u258f         | 4/175 [00:32<18:31,  6.50s/it]"},"type":"ws_msg"}
{"payload":{"local_timestamp":1712150215111,"message_id":246,"metric":{"epoch":null,"metricName":"sys.gpu.0.gpu_utilization","metricValue":4,"step":3}},"type":"metric_msg"}
{"payload":{"local_timestamp":1712150215111,"message_id":247,"metric":{"epoch":null,"metricName":"sys.gpu.0.power_usage","metricValue":26660,"step":3}},"type":"metric_msg"}
{"payload":{"local_timestamp":1712150215111,"message_id":248,"metric":{"epoch":null,"metricName":"sys.gpu.0.temperature","metricValue":50,"step":3}},"type":"metric_msg"}
{"payload":{"local_timestamp":1712150215111,"message_id":249,"metric":{"epoch":null,"metricName":"sys.gpu.0.memory_utilization","metricValue":3,"step":3}},"type":"metric_msg"}
{"payload":{"local_timestamp":1712150215111,"message_id":250,"metric":{"epoch":null,"metricName":"sys.gpu.0.free_memory","metricValue":6694658048,"step":3}},"type":"metric_msg"}
{"payload":{"local_timestamp":1712150215111,"message_id":251,"metric":{"epoch":null,"metricName":"sys.gpu.0.used_memory","metricValue":1895276544,"step":3}},"type":"metric_msg"}
{"payload":{"local_timestamp":1712150215111,"message_id":252,"metric":{"epoch":null,"metricName":"sys.gpu.0.percent.used_memory","metricValue":22.063922882080078,"step":3}},"type":"metric_msg"}
{"payload":{"local_timestamp":1712150215218,"message_id":253,"metric":{"epoch":null,"metricName":"sys.cpu.percent.avg","metricValue":6.235000000000001,"step":3}},"type":"metric_msg"}
{"payload":{"local_timestamp":1712150215218,"message_id":254,"metric":{"epoch":null,"metricName":"sys.ram.total","metricValue":16940494848,"step":3}},"type":"metric_msg"}
{"payload":{"local_timestamp":1712150215218,"message_id":255,"metric":{"epoch":null,"metricName":"sys.ram.used","metricValue":12096339968,"step":3}},"type":"metric_msg"}
{"payload":{"local_timestamp":1712150215218,"message_id":256,"metric":{"epoch":null,"metricName":"sys.ram.available","metricValue":4844154880,"step":3}},"type":"metric_msg"}
{"payload":{"local_timestamp":1712150215218,"message_id":257,"metric":{"epoch":null,"metricName":"sys.ram.percent.used","metricValue":71.4,"step":3}},"type":"metric_msg"}
{"payload":{"local_timestamp":1712150215218,"message_id":258,"metric":{"epoch":null,"metricName":"sys.load.avg","metricValue":0.58,"step":3}},"type":"metric_msg"}
{"payload":{"local_timestamp":1712150215331,"message_id":259,"metric":{"epoch":null,"metricName":"sys.network.send_bps","metricValue":287,"step":3}},"type":"metric_msg"}
{"payload":{"local_timestamp":1712150215331,"message_id":260,"metric":{"epoch":null,"metricName":"sys.network.receive_bps","metricValue":660,"step":3}},"type":"metric_msg"}
{"payload":{"local_timestamp":1712150215446,"message_id":261,"metric":{"epoch":null,"metricName":"sys.disk.read_bps","metricValue":34700937.714639165,"step":3}},"type":"metric_msg"}
{"payload":{"local_timestamp":1712150215446,"message_id":262,"metric":{"epoch":null,"metricName":"sys.disk.write_bps","metricValue":7904929.395068683,"step":3}},"type":"metric_msg"}
{"payload":{"local_timestamp":1712150218744,"message_id":263,"param":{"paramName":"curr_step","paramValue":4,"source":"auto-logged","step":4}},"type":"parameter_msg"}
{"payload":{"local_timestamp":1712150218779,"message_id":264,"stderr":true,"stdout":"\r       0/24         0G    0.01843   0.009239   0.005907         47        640:   2%|\u258f         | 4/175 [00:36<18:31,  6.50s/it]"},"type":"ws_msg"}
{"payload":{"local_timestamp":1712150218779,"message_id":265,"stderr":true,"stdout":"\r       0/24         0G    0.01843   0.009239   0.005907         47        640:   3%|\u258e         | 5/175 [00:36<16:28,  5.82s/it]"},"type":"ws_msg"}
{"payload":{"local_timestamp":1712150223321,"message_id":266,"param":{"paramName":"curr_step","paramValue":5,"source":"auto-logged","step":5}},"type":"parameter_msg"}
{"payload":{"local_timestamp":1712150223353,"message_id":267,"stderr":true,"stdout":"\r       0/24         0G    0.01819   0.009251    0.00529         50        640:   3%|\u258e         | 5/175 [00:41<16:28,  5.82s/it]"},"type":"ws_msg"}
{"payload":{"local_timestamp":1712150223353,"message_id":268,"stderr":true,"stdout":"\r       0/24         0G    0.01819   0.009251    0.00529         50        640:   3%|\u258e         | 6/175 [00:41<15:11,  5.39s/it]"},"type":"ws_msg"}
{"payload":{"local_timestamp":1712150227918,"message_id":269,"param":{"paramName":"curr_step","paramValue":6,"source":"auto-logged","step":6}},"type":"parameter_msg"}
{"payload":{"local_timestamp":1712150227956,"message_id":270,"stderr":true,"stdout":"\r       0/24         0G    0.01716   0.008781   0.005161         30        640:   3%|\u258e         | 6/175 [00:46<15:11,  5.39s/it]"},"type":"ws_msg"}
{"payload":{"local_timestamp":1712150227957,"message_id":271,"stderr":true,"stdout":"\r       0/24         0G    0.01716   0.008781   0.005161         30        640:   4%|\u258d         | 7/175 [00:46<14:22,  5.14s/it]"},"type":"ws_msg"}
{"payload":{"local_timestamp":1712150228079,"message_id":272,"stderr":true,"stdout":"\r       0/24         0G    0.01716   0.008781   0.005161         30        640:   4%|\u258d         | 7/175 [00:46<18:28,  6.60s/it]"},"type":"ws_msg"}
{"payload":{"local_timestamp":1712150228079,"message_id":273,"stderr":true,"stdout":"\n"},"type":"ws_msg"}
{"payload":{"local_timestamp":1712150228083,"message_id":274,"stderr":true,"stdout":"Traceback (most recent call last):\n"},"type":"ws_msg"}
{"payload":{"local_timestamp":1712150228083,"message_id":275,"stderr":true,"stdout":"  File \"train.py\", line 848, in <module>\n"},"type":"ws_msg"}
{"payload":{"local_timestamp":1712150228085,"message_id":276,"stderr":true,"stdout":"    "},"type":"ws_msg"}
{"payload":{"local_timestamp":1712150228085,"message_id":277,"stderr":true,"stdout":"main(opt)"},"type":"ws_msg"}
{"payload":{"local_timestamp":1712150228085,"message_id":278,"stderr":true,"stdout":"\n"},"type":"ws_msg"}
{"payload":{"local_timestamp":1712150228085,"message_id":279,"stderr":true,"stdout":"  File \"train.py\", line 623, in main\n"},"type":"ws_msg"}
{"payload":{"local_timestamp":1712150228085,"message_id":280,"stderr":true,"stdout":"    "},"type":"ws_msg"}
{"payload":{"local_timestamp":1712150228085,"message_id":281,"stderr":true,"stdout":"train(opt.hyp, opt, device, callbacks)"},"type":"ws_msg"}
{"payload":{"local_timestamp":1712150228085,"message_id":282,"stderr":true,"stdout":"\n"},"type":"ws_msg"}
{"payload":{"local_timestamp":1712150228085,"message_id":283,"stderr":true,"stdout":"  File \"train.py\", line 382, in train\n"},"type":"ws_msg"}
{"payload":{"local_timestamp":1712150228086,"message_id":284,"stderr":true,"stdout":"    "},"type":"ws_msg"}
{"payload":{"local_timestamp":1712150228086,"message_id":285,"stderr":true,"stdout":"pred = model(imgs)  # forward"},"type":"ws_msg"}
{"payload":{"local_timestamp":1712150228086,"message_id":286,"stderr":true,"stdout":"\n"},"type":"ws_msg"}
{"payload":{"local_timestamp":1712150228086,"message_id":287,"stderr":true,"stdout":"  File \"C:\\Users\\Drum0\\anaconda3\\envs\\yolov5\\lib\\site-packages\\torch\\nn\\modules\\module.py\", line 1511, in _wrapped_call_impl\n"},"type":"ws_msg"}
{"payload":{"local_timestamp":1712150228087,"message_id":288,"stderr":true,"stdout":"    "},"type":"ws_msg"}
{"payload":{"local_timestamp":1712150228087,"message_id":289,"stderr":true,"stdout":"return self._call_impl(*args, **kwargs)"},"type":"ws_msg"}
{"payload":{"local_timestamp":1712150228087,"message_id":290,"stderr":true,"stdout":"\n"},"type":"ws_msg"}
{"payload":{"local_timestamp":1712150228087,"message_id":291,"stderr":true,"stdout":"  File \"C:\\Users\\Drum0\\anaconda3\\envs\\yolov5\\lib\\site-packages\\torch\\nn\\modules\\module.py\", line 1520, in _call_impl\n"},"type":"ws_msg"}
{"payload":{"local_timestamp":1712150228088,"message_id":292,"stderr":true,"stdout":"    "},"type":"ws_msg"}
{"payload":{"local_timestamp":1712150228088,"message_id":293,"stderr":true,"stdout":"return forward_call(*args, **kwargs)"},"type":"ws_msg"}
{"payload":{"local_timestamp":1712150228088,"message_id":294,"stderr":true,"stdout":"\n"},"type":"ws_msg"}
{"payload":{"local_timestamp":1712150228088,"message_id":295,"stderr":true,"stdout":"  File \"C:\\Users\\Drum0\\yolov5\\models\\yolo.py\", line 263, in forward\n"},"type":"ws_msg"}
{"payload":{"local_timestamp":1712150228089,"message_id":296,"stderr":true,"stdout":"    "},"type":"ws_msg"}
{"payload":{"local_timestamp":1712150228089,"message_id":297,"stderr":true,"stdout":"return self._forward_once(x, profile, visualize)  # single-scale inference, train"},"type":"ws_msg"}
{"payload":{"local_timestamp":1712150228089,"message_id":298,"stderr":true,"stdout":"\n"},"type":"ws_msg"}
{"payload":{"local_timestamp":1712150228089,"message_id":299,"stderr":true,"stdout":"  File \"C:\\Users\\Drum0\\yolov5\\models\\yolo.py\", line 167, in _forward_once\n"},"type":"ws_msg"}
{"payload":{"local_timestamp":1712150228089,"message_id":300,"stderr":true,"stdout":"    "},"type":"ws_msg"}
{"payload":{"local_timestamp":1712150228089,"message_id":301,"stderr":true,"stdout":"x = m(x)  # run"},"type":"ws_msg"}
{"payload":{"local_timestamp":1712150228089,"message_id":302,"stderr":true,"stdout":"\n"},"type":"ws_msg"}
{"payload":{"local_timestamp":1712150228089,"message_id":303,"stderr":true,"stdout":"  File \"C:\\Users\\Drum0\\anaconda3\\envs\\yolov5\\lib\\site-packages\\torch\\nn\\modules\\module.py\", line 1511, in _wrapped_call_impl\n"},"type":"ws_msg"}
{"payload":{"local_timestamp":1712150228090,"message_id":304,"stderr":true,"stdout":"    "},"type":"ws_msg"}
{"payload":{"local_timestamp":1712150228090,"message_id":305,"stderr":true,"stdout":"return self._call_impl(*args, **kwargs)"},"type":"ws_msg"}
{"payload":{"local_timestamp":1712150228090,"message_id":306,"stderr":true,"stdout":"\n"},"type":"ws_msg"}
{"payload":{"local_timestamp":1712150228090,"message_id":307,"stderr":true,"stdout":"  File \"C:\\Users\\Drum0\\anaconda3\\envs\\yolov5\\lib\\site-packages\\torch\\nn\\modules\\module.py\", line 1520, in _call_impl\n"},"type":"ws_msg"}
{"payload":{"local_timestamp":1712150228090,"message_id":308,"stderr":true,"stdout":"    "},"type":"ws_msg"}
{"payload":{"local_timestamp":1712150228090,"message_id":309,"stderr":true,"stdout":"return forward_call(*args, **kwargs)"},"type":"ws_msg"}
{"payload":{"local_timestamp":1712150228090,"message_id":310,"stderr":true,"stdout":"\n"},"type":"ws_msg"}
{"payload":{"local_timestamp":1712150228090,"message_id":311,"stderr":true,"stdout":"  File \"C:\\Users\\Drum0\\yolov5\\models\\common.py\", line 86, in forward\n"},"type":"ws_msg"}
{"payload":{"local_timestamp":1712150228091,"message_id":312,"stderr":true,"stdout":"    "},"type":"ws_msg"}
{"payload":{"local_timestamp":1712150228091,"message_id":313,"stderr":true,"stdout":"return self.act(self.bn(self.conv(x)))"},"type":"ws_msg"}
{"payload":{"local_timestamp":1712150228091,"message_id":314,"stderr":true,"stdout":"\n"},"type":"ws_msg"}
{"payload":{"local_timestamp":1712150228091,"message_id":315,"stderr":true,"stdout":"  File \"C:\\Users\\Drum0\\anaconda3\\envs\\yolov5\\lib\\site-packages\\torch\\nn\\modules\\module.py\", line 1511, in _wrapped_call_impl\n"},"type":"ws_msg"}
{"payload":{"local_timestamp":1712150228091,"message_id":316,"stderr":true,"stdout":"    "},"type":"ws_msg"}
{"payload":{"local_timestamp":1712150228091,"message_id":317,"stderr":true,"stdout":"return self._call_impl(*args, **kwargs)"},"type":"ws_msg"}
{"payload":{"local_timestamp":1712150228092,"message_id":318,"stderr":true,"stdout":"\n"},"type":"ws_msg"}
{"payload":{"local_timestamp":1712150228092,"message_id":319,"stderr":true,"stdout":"  File \"C:\\Users\\Drum0\\anaconda3\\envs\\yolov5\\lib\\site-packages\\torch\\nn\\modules\\module.py\", line 1520, in _call_impl\n"},"type":"ws_msg"}
{"payload":{"local_timestamp":1712150228092,"message_id":320,"stderr":true,"stdout":"    "},"type":"ws_msg"}
{"payload":{"local_timestamp":1712150228092,"message_id":321,"stderr":true,"stdout":"return forward_call(*args, **kwargs)"},"type":"ws_msg"}
{"payload":{"local_timestamp":1712150228092,"message_id":322,"stderr":true,"stdout":"\n"},"type":"ws_msg"}
{"payload":{"local_timestamp":1712150228092,"message_id":323,"stderr":true,"stdout":"  File \"C:\\Users\\Drum0\\anaconda3\\envs\\yolov5\\lib\\site-packages\\torch\\nn\\modules\\conv.py\", line 460, in forward\n"},"type":"ws_msg"}
{"payload":{"local_timestamp":1712150228093,"message_id":324,"stderr":true,"stdout":"    "},"type":"ws_msg"}
{"payload":{"local_timestamp":1712150228093,"message_id":325,"stderr":true,"stdout":"return self._conv_forward(input, self.weight, self.bias)"},"type":"ws_msg"}
{"payload":{"local_timestamp":1712150228094,"message_id":326,"stderr":true,"stdout":"\n"},"type":"ws_msg"}
{"payload":{"local_timestamp":1712150228094,"message_id":327,"stderr":true,"stdout":"  File \"C:\\Users\\Drum0\\anaconda3\\envs\\yolov5\\lib\\site-packages\\torch\\nn\\modules\\conv.py\", line 456, in _conv_forward\n"},"type":"ws_msg"}
{"payload":{"local_timestamp":1712150228094,"message_id":328,"stderr":true,"stdout":"    "},"type":"ws_msg"}
{"payload":{"local_timestamp":1712150228094,"message_id":329,"stderr":true,"stdout":"return F.conv2d(input, weight, bias, self.stride,"},"type":"ws_msg"}
{"payload":{"local_timestamp":1712150228094,"message_id":330,"stderr":true,"stdout":"\n"},"type":"ws_msg"}
{"payload":{"local_timestamp":1712150228094,"message_id":331,"stderr":true,"stdout":"KeyboardInterrupt"},"type":"ws_msg"}
{"payload":{"local_timestamp":1712150228094,"message_id":332,"stderr":true,"stdout":"\n"},"type":"ws_msg"}
{"payload":{"local_timestamp":1712150228100,"log_other":{"key":"Created from","val":"pytorch"},"message_id":333},"type":"ws_msg"}
{"payload":{"local_timestamp":1712150228102,"message_id":334,"stderr":true,"stdout":"\u001b[1;38;5;39mCOMET INFO:\u001b[0m ---------------------------------------------------------------------------------------\n"},"type":"ws_msg"}
{"payload":{"local_timestamp":1712150228104,"message_id":335,"stderr":true,"stdout":"\u001b[1;38;5;39mCOMET INFO:\u001b[0m Comet.ml OfflineExperiment Summary\n"},"type":"ws_msg"}
{"payload":{"local_timestamp":1712150228104,"message_id":336,"stderr":true,"stdout":"\u001b[1;38;5;39mCOMET INFO:\u001b[0m ---------------------------------------------------------------------------------------\n"},"type":"ws_msg"}
{"payload":{"local_timestamp":1712150228105,"message_id":337,"stderr":true,"stdout":"\u001b[1;38;5;39mCOMET INFO:\u001b[0m   Data:\n"},"type":"ws_msg"}
{"payload":{"local_timestamp":1712150228105,"message_id":338,"stderr":true,"stdout":"\u001b[1;38;5;39mCOMET INFO:\u001b[0m     display_summary_level : 1\n"},"type":"ws_msg"}
{"payload":{"local_timestamp":1712150228105,"message_id":339,"stderr":true,"stdout":"\u001b[1;38;5;39mCOMET INFO:\u001b[0m     url                   : [OfflineExperiment will get URL after upload]\n"},"type":"ws_msg"}
{"payload":{"local_timestamp":1712150228105,"message_id":340,"stderr":true,"stdout":"\u001b[1;38;5;39mCOMET INFO:\u001b[0m   Metrics:\n"},"type":"ws_msg"}
{"payload":{"local_timestamp":1712150228105,"message_id":341,"stderr":true,"stdout":"\u001b[1;38;5;39mCOMET INFO:\u001b[0m     loss : 0.5095190405845642\n"},"type":"ws_msg"}
{"payload":{"local_timestamp":1712150228106,"message_id":342,"stderr":true,"stdout":"\u001b[1;38;5;39mCOMET INFO:\u001b[0m   Others:\n"},"type":"ws_msg"}
{"payload":{"local_timestamp":1712150228106,"message_id":343,"stderr":true,"stdout":"\u001b[1;38;5;39mCOMET INFO:\u001b[0m     Name                        : exp\n"},"type":"ws_msg"}
{"payload":{"local_timestamp":1712150228106,"message_id":344,"stderr":true,"stdout":"\u001b[1;38;5;39mCOMET INFO:\u001b[0m     comet_log_batch_metrics     : False\n"},"type":"ws_msg"}
{"payload":{"local_timestamp":1712150228107,"message_id":345,"stderr":true,"stdout":"\u001b[1;38;5;39mCOMET INFO:\u001b[0m     comet_log_confusion_matrix  : True\n"},"type":"ws_msg"}
{"payload":{"local_timestamp":1712150228107,"message_id":346,"stderr":true,"stdout":"\u001b[1;38;5;39mCOMET INFO:\u001b[0m     comet_log_per_class_metrics : False\n"},"type":"ws_msg"}
{"payload":{"local_timestamp":1712150228107,"message_id":347,"stderr":true,"stdout":"\u001b[1;38;5;39mCOMET INFO:\u001b[0m     comet_max_image_uploads     : 100\n"},"type":"ws_msg"}
{"payload":{"local_timestamp":1712150228107,"message_id":348,"stderr":true,"stdout":"\u001b[1;38;5;39mCOMET INFO:\u001b[0m     comet_mode                  : online\n"},"type":"ws_msg"}
{"payload":{"local_timestamp":1712150228107,"message_id":349,"stderr":true,"stdout":"\u001b[1;38;5;39mCOMET INFO:\u001b[0m     comet_model_name            : yolov5\n"},"type":"ws_msg"}
{"payload":{"local_timestamp":1712150228107,"message_id":350,"stderr":true,"stdout":"\u001b[1;38;5;39mCOMET INFO:\u001b[0m     hasNestedParams             : True\n"},"type":"ws_msg"}
{"payload":{"local_timestamp":1712150228108,"message_id":351,"stderr":true,"stdout":"\u001b[1;38;5;39mCOMET INFO:\u001b[0m     offline_experiment          : True\n"},"type":"ws_msg"}
{"payload":{"local_timestamp":1712150228108,"message_id":352,"stderr":true,"stdout":"\u001b[1;38;5;39mCOMET INFO:\u001b[0m   Parameters:\n"},"type":"ws_msg"}
{"payload":{"local_timestamp":1712150228108,"message_id":353,"stderr":true,"stdout":"\u001b[1;38;5;39mCOMET INFO:\u001b[0m     anchor_t            : 4.0\n"},"type":"ws_msg"}
{"payload":{"local_timestamp":1712150228108,"message_id":354,"stderr":true,"stdout":"\u001b[1;38;5;39mCOMET INFO:\u001b[0m     artifact_alias      : latest\n"},"type":"ws_msg"}
{"payload":{"local_timestamp":1712150228108,"message_id":355,"stderr":true,"stdout":"\u001b[1;38;5;39mCOMET INFO:\u001b[0m     batch_size          : 16\n"},"type":"ws_msg"}
{"payload":{"local_timestamp":1712150228108,"message_id":356,"stderr":true,"stdout":"\u001b[1;38;5;39mCOMET INFO:\u001b[0m     bbox_interval       : -1\n"},"type":"ws_msg"}
{"payload":{"local_timestamp":1712150228109,"message_id":357,"stderr":true,"stdout":"\u001b[1;38;5;39mCOMET INFO:\u001b[0m     box                 : 0.05\n"},"type":"ws_msg"}
{"payload":{"local_timestamp":1712150228109,"message_id":358,"stderr":true,"stdout":"\u001b[1;38;5;39mCOMET INFO:\u001b[0m     bucket              : \n"},"type":"ws_msg"}
{"payload":{"local_timestamp":1712150228109,"message_id":359,"stderr":true,"stdout":"\u001b[1;38;5;39mCOMET INFO:\u001b[0m     cache               : None\n"},"type":"ws_msg"}
{"payload":{"local_timestamp":1712150228109,"message_id":360,"stderr":true,"stdout":"\u001b[1;38;5;39mCOMET INFO:\u001b[0m     cfg                 : \n"},"type":"ws_msg"}
{"payload":{"local_timestamp":1712150228109,"message_id":361,"stderr":true,"stdout":"\u001b[1;38;5;39mCOMET INFO:\u001b[0m     cls                 : 0.01875\n"},"type":"ws_msg"}
{"payload":{"local_timestamp":1712150228109,"message_id":362,"stderr":true,"stdout":"\u001b[1;38;5;39mCOMET INFO:\u001b[0m     cls_pw              : 1.0\n"},"type":"ws_msg"}
{"payload":{"local_timestamp":1712150228110,"message_id":363,"stderr":true,"stdout":"\u001b[1;38;5;39mCOMET INFO:\u001b[0m     copy_paste          : 0.0\n"},"type":"ws_msg"}
{"payload":{"local_timestamp":1712150228110,"message_id":364,"stderr":true,"stdout":"\u001b[1;38;5;39mCOMET INFO:\u001b[0m     cos_lr              : False\n"},"type":"ws_msg"}
{"payload":{"local_timestamp":1712150228110,"message_id":365,"stderr":true,"stdout":"\u001b[1;38;5;39mCOMET INFO:\u001b[0m     degrees             : 0.0\n"},"type":"ws_msg"}
{"payload":{"local_timestamp":1712150228110,"message_id":366,"stderr":true,"stdout":"\u001b[1;38;5;39mCOMET INFO:\u001b[0m     device              : \n"},"type":"ws_msg"}
{"payload":{"local_timestamp":1712150228110,"message_id":367,"stderr":true,"stdout":"\u001b[1;38;5;39mCOMET INFO:\u001b[0m     entity              : None\n"},"type":"ws_msg"}
{"payload":{"local_timestamp":1712150228110,"message_id":368,"stderr":true,"stdout":"\u001b[1;38;5;39mCOMET INFO:\u001b[0m     evolve              : None\n"},"type":"ws_msg"}
{"payload":{"local_timestamp":1712150228110,"message_id":369,"stderr":true,"stdout":"\u001b[1;38;5;39mCOMET INFO:\u001b[0m     evolve_population   : data\\hyps\n"},"type":"ws_msg"}
{"payload":{"local_timestamp":1712150228110,"message_id":370,"stderr":true,"stdout":"\u001b[1;38;5;39mCOMET INFO:\u001b[0m     exist_ok            : False\n"},"type":"ws_msg"}
{"payload":{"local_timestamp":1712150228111,"message_id":371,"stderr":true,"stdout":"\u001b[1;38;5;39mCOMET INFO:\u001b[0m     fl_gamma            : 0.0\n"},"type":"ws_msg"}
{"payload":{"local_timestamp":1712150228111,"message_id":372,"stderr":true,"stdout":"\u001b[1;38;5;39mCOMET INFO:\u001b[0m     fliplr              : 0.5\n"},"type":"ws_msg"}
{"payload":{"local_timestamp":1712150228111,"message_id":373,"stderr":true,"stdout":"\u001b[1;38;5;39mCOMET INFO:\u001b[0m     flipud              : 0.0\n"},"type":"ws_msg"}
{"payload":{"local_timestamp":1712150228111,"message_id":374,"stderr":true,"stdout":"\u001b[1;38;5;39mCOMET INFO:\u001b[0m     freeze              : [0]\n"},"type":"ws_msg"}
{"payload":{"local_timestamp":1712150228111,"message_id":375,"stderr":true,"stdout":"\u001b[1;38;5;39mCOMET INFO:\u001b[0m     hsv_h               : 0.015\n"},"type":"ws_msg"}
{"payload":{"local_timestamp":1712150228111,"message_id":376,"stderr":true,"stdout":"\u001b[1;38;5;39mCOMET INFO:\u001b[0m     hsv_s               : 0.7\n"},"type":"ws_msg"}
{"payload":{"local_timestamp":1712150228112,"message_id":377,"stderr":true,"stdout":"\u001b[1;38;5;39mCOMET INFO:\u001b[0m     hsv_v               : 0.4\n"},"type":"ws_msg"}
{"payload":{"local_timestamp":1712150228112,"message_id":378,"stderr":true,"stdout":"\u001b[1;38;5;39mCOMET INFO:\u001b[0m     hyp|anchor_t        : 4.0\n"},"type":"ws_msg"}
{"payload":{"local_timestamp":1712150228112,"message_id":379,"stderr":true,"stdout":"\u001b[1;38;5;39mCOMET INFO:\u001b[0m     hyp|box             : 0.05\n"},"type":"ws_msg"}
{"payload":{"local_timestamp":1712150228112,"message_id":380,"stderr":true,"stdout":"\u001b[1;38;5;39mCOMET INFO:\u001b[0m     hyp|cls             : 0.5\n"},"type":"ws_msg"}
{"payload":{"local_timestamp":1712150228112,"message_id":381,"stderr":true,"stdout":"\u001b[1;38;5;39mCOMET INFO:\u001b[0m     hyp|cls_pw          : 1.0\n"},"type":"ws_msg"}
{"payload":{"local_timestamp":1712150228112,"message_id":382,"stderr":true,"stdout":"\u001b[1;38;5;39mCOMET INFO:\u001b[0m     hyp|copy_paste      : 0.0\n"},"type":"ws_msg"}
{"payload":{"local_timestamp":1712150228112,"message_id":383,"stderr":true,"stdout":"\u001b[1;38;5;39mCOMET INFO:\u001b[0m     hyp|degrees         : 0.0\n"},"type":"ws_msg"}
{"payload":{"local_timestamp":1712150228113,"message_id":384,"stderr":true,"stdout":"\u001b[1;38;5;39mCOMET INFO:\u001b[0m     hyp|fl_gamma        : 0.0\n"},"type":"ws_msg"}
{"payload":{"local_timestamp":1712150228113,"message_id":385,"stderr":true,"stdout":"\u001b[1;38;5;39mCOMET INFO:\u001b[0m     hyp|fliplr          : 0.5\n"},"type":"ws_msg"}
{"payload":{"local_timestamp":1712150228113,"message_id":386,"stderr":true,"stdout":"\u001b[1;38;5;39mCOMET INFO:\u001b[0m     hyp|flipud          : 0.0\n"},"type":"ws_msg"}
{"payload":{"local_timestamp":1712150228113,"message_id":387,"stderr":true,"stdout":"\u001b[1;38;5;39mCOMET INFO:\u001b[0m     hyp|hsv_h           : 0.015\n"},"type":"ws_msg"}
{"payload":{"local_timestamp":1712150228113,"message_id":388,"stderr":true,"stdout":"\u001b[1;38;5;39mCOMET INFO:\u001b[0m     hyp|hsv_s           : 0.7\n"},"type":"ws_msg"}
{"payload":{"local_timestamp":1712150228113,"message_id":389,"stderr":true,"stdout":"\u001b[1;38;5;39mCOMET INFO:\u001b[0m     hyp|hsv_v           : 0.4\n"},"type":"ws_msg"}
{"payload":{"local_timestamp":1712150228113,"message_id":390,"stderr":true,"stdout":"\u001b[1;38;5;39mCOMET INFO:\u001b[0m     hyp|iou_t           : 0.2\n"},"type":"ws_msg"}
{"payload":{"local_timestamp":1712150228113,"message_id":391,"stderr":true,"stdout":"\u001b[1;38;5;39mCOMET INFO:\u001b[0m     hyp|lr0             : 0.01\n"},"type":"ws_msg"}
{"payload":{"local_timestamp":1712150228114,"message_id":392,"stderr":true,"stdout":"\u001b[1;38;5;39mCOMET INFO:\u001b[0m     hyp|lrf             : 0.01\n"},"type":"ws_msg"}
{"payload":{"local_timestamp":1712150228114,"message_id":393,"stderr":true,"stdout":"\u001b[1;38;5;39mCOMET INFO:\u001b[0m     hyp|mixup           : 0.0\n"},"type":"ws_msg"}
{"payload":{"local_timestamp":1712150228114,"message_id":394,"stderr":true,"stdout":"\u001b[1;38;5;39mCOMET INFO:\u001b[0m     hyp|momentum        : 0.937\n"},"type":"ws_msg"}
{"payload":{"local_timestamp":1712150228115,"message_id":395,"stderr":true,"stdout":"\u001b[1;38;5;39mCOMET INFO:\u001b[0m     hyp|mosaic          : 1.0\n"},"type":"ws_msg"}
{"payload":{"local_timestamp":1712150228115,"message_id":396,"stderr":true,"stdout":"\u001b[1;38;5;39mCOMET INFO:\u001b[0m     hyp|obj             : 1.0\n"},"type":"ws_msg"}
{"payload":{"local_timestamp":1712150228115,"message_id":397,"stderr":true,"stdout":"\u001b[1;38;5;39mCOMET INFO:\u001b[0m     hyp|obj_pw          : 1.0\n"},"type":"ws_msg"}
{"payload":{"local_timestamp":1712150228115,"message_id":398,"stderr":true,"stdout":"\u001b[1;38;5;39mCOMET INFO:\u001b[0m     hyp|perspective     : 0.0\n"},"type":"ws_msg"}
{"payload":{"local_timestamp":1712150228115,"message_id":399,"stderr":true,"stdout":"\u001b[1;38;5;39mCOMET INFO:\u001b[0m     hyp|scale           : 0.5\n"},"type":"ws_msg"}
{"payload":{"local_timestamp":1712150228115,"message_id":400,"stderr":true,"stdout":"\u001b[1;38;5;39mCOMET INFO:\u001b[0m     hyp|shear           : 0.0\n"},"type":"ws_msg"}
{"payload":{"local_timestamp":1712150228115,"message_id":401,"stderr":true,"stdout":"\u001b[1;38;5;39mCOMET INFO:\u001b[0m     hyp|translate       : 0.1\n"},"type":"ws_msg"}
{"payload":{"local_timestamp":1712150228116,"message_id":402,"stderr":true,"stdout":"\u001b[1;38;5;39mCOMET INFO:\u001b[0m     hyp|warmup_bias_lr  : 0.1\n"},"type":"ws_msg"}
{"payload":{"local_timestamp":1712150228116,"message_id":403,"stderr":true,"stdout":"\u001b[1;38;5;39mCOMET INFO:\u001b[0m     hyp|warmup_epochs   : 3.0\n"},"type":"ws_msg"}
{"payload":{"local_timestamp":1712150228116,"message_id":404,"stderr":true,"stdout":"\u001b[1;38;5;39mCOMET INFO:\u001b[0m     hyp|warmup_momentum : 0.8\n"},"type":"ws_msg"}
{"payload":{"local_timestamp":1712150228116,"message_id":405,"stderr":true,"stdout":"\u001b[1;38;5;39mCOMET INFO:\u001b[0m     hyp|weight_decay    : 0.0005\n"},"type":"ws_msg"}
{"payload":{"local_timestamp":1712150228116,"message_id":406,"stderr":true,"stdout":"\u001b[1;38;5;39mCOMET INFO:\u001b[0m     image_weights       : False\n"},"type":"ws_msg"}
{"payload":{"local_timestamp":1712150228116,"message_id":407,"stderr":true,"stdout":"\u001b[1;38;5;39mCOMET INFO:\u001b[0m     imgsz               : 640\n"},"type":"ws_msg"}
{"payload":{"local_timestamp":1712150228116,"message_id":408,"stderr":true,"stdout":"\u001b[1;38;5;39mCOMET INFO:\u001b[0m     iou_t               : 0.2\n"},"type":"ws_msg"}
{"payload":{"local_timestamp":1712150228117,"message_id":409,"stderr":true,"stdout":"\u001b[1;38;5;39mCOMET INFO:\u001b[0m     label_smoothing     : 0.0\n"},"type":"ws_msg"}
{"payload":{"local_timestamp":1712150228117,"message_id":410,"stderr":true,"stdout":"\u001b[1;38;5;39mCOMET INFO:\u001b[0m     local_rank          : -1\n"},"type":"ws_msg"}
{"payload":{"local_timestamp":1712150228117,"message_id":411,"stderr":true,"stdout":"\u001b[1;38;5;39mCOMET INFO:\u001b[0m     lr0                 : 0.01\n"},"type":"ws_msg"}
{"payload":{"local_timestamp":1712150228117,"message_id":412,"stderr":true,"stdout":"\u001b[1;38;5;39mCOMET INFO:\u001b[0m     lrf                 : 0.01\n"},"type":"ws_msg"}
{"payload":{"local_timestamp":1712150228117,"message_id":413,"stderr":true,"stdout":"\u001b[1;38;5;39mCOMET INFO:\u001b[0m     mixup               : 0.0\n"},"type":"ws_msg"}
{"payload":{"local_timestamp":1712150228117,"message_id":414,"stderr":true,"stdout":"\u001b[1;38;5;39mCOMET INFO:\u001b[0m     momentum            : 0.937\n"},"type":"ws_msg"}
{"payload":{"local_timestamp":1712150228117,"message_id":415,"stderr":true,"stdout":"\u001b[1;38;5;39mCOMET INFO:\u001b[0m     mosaic              : 1.0\n"},"type":"ws_msg"}
{"payload":{"local_timestamp":1712150228117,"message_id":416,"stderr":true,"stdout":"\u001b[1;38;5;39mCOMET INFO:\u001b[0m     multi_scale         : False\n"},"type":"ws_msg"}
{"payload":{"local_timestamp":1712150228118,"message_id":417,"stderr":true,"stdout":"\u001b[1;38;5;39mCOMET INFO:\u001b[0m     name                : exp\n"},"type":"ws_msg"}
{"payload":{"local_timestamp":1712150228118,"message_id":418,"stderr":true,"stdout":"\u001b[1;38;5;39mCOMET INFO:\u001b[0m     ndjson_console      : False\n"},"type":"ws_msg"}
{"payload":{"local_timestamp":1712150228118,"message_id":419,"stderr":true,"stdout":"\u001b[1;38;5;39mCOMET INFO:\u001b[0m     ndjson_file         : False\n"},"type":"ws_msg"}
{"payload":{"local_timestamp":1712150228118,"message_id":420,"stderr":true,"stdout":"\u001b[1;38;5;39mCOMET INFO:\u001b[0m     noautoanchor        : False\n"},"type":"ws_msg"}
{"payload":{"local_timestamp":1712150228118,"message_id":421,"stderr":true,"stdout":"\u001b[1;38;5;39mCOMET INFO:\u001b[0m     noplots             : False\n"},"type":"ws_msg"}
{"payload":{"local_timestamp":1712150228118,"message_id":422,"stderr":true,"stdout":"\u001b[1;38;5;39mCOMET INFO:\u001b[0m     nosave              : False\n"},"type":"ws_msg"}
{"payload":{"local_timestamp":1712150228118,"message_id":423,"stderr":true,"stdout":"\u001b[1;38;5;39mCOMET INFO:\u001b[0m     noval               : False\n"},"type":"ws_msg"}
{"payload":{"local_timestamp":1712150228119,"message_id":424,"stderr":true,"stdout":"\u001b[1;38;5;39mCOMET INFO:\u001b[0m     obj                 : 1.0\n"},"type":"ws_msg"}
{"payload":{"local_timestamp":1712150228119,"message_id":425,"stderr":true,"stdout":"\u001b[1;38;5;39mCOMET INFO:\u001b[0m     obj_pw              : 1.0\n"},"type":"ws_msg"}
{"payload":{"local_timestamp":1712150228119,"message_id":426,"stderr":true,"stdout":"\u001b[1;38;5;39mCOMET INFO:\u001b[0m     optimizer           : SGD\n"},"type":"ws_msg"}
{"payload":{"local_timestamp":1712150228119,"message_id":427,"stderr":true,"stdout":"\u001b[1;38;5;39mCOMET INFO:\u001b[0m     patience            : 100\n"},"type":"ws_msg"}
{"payload":{"local_timestamp":1712150228119,"message_id":428,"stderr":true,"stdout":"\u001b[1;38;5;39mCOMET INFO:\u001b[0m     perspective         : 0.0\n"},"type":"ws_msg"}
{"payload":{"local_timestamp":1712150228119,"message_id":429,"stderr":true,"stdout":"\u001b[1;38;5;39mCOMET INFO:\u001b[0m     project             : runs\\train\n"},"type":"ws_msg"}
{"payload":{"local_timestamp":1712150228119,"message_id":430,"stderr":true,"stdout":"\u001b[1;38;5;39mCOMET INFO:\u001b[0m     quad                : False\n"},"type":"ws_msg"}
{"payload":{"local_timestamp":1712150228119,"message_id":431,"stderr":true,"stdout":"\u001b[1;38;5;39mCOMET INFO:\u001b[0m     rect                : False\n"},"type":"ws_msg"}
{"payload":{"local_timestamp":1712150228119,"message_id":432,"stderr":true,"stdout":"\u001b[1;38;5;39mCOMET INFO:\u001b[0m     resume              : False\n"},"type":"ws_msg"}
{"payload":{"local_timestamp":1712150228120,"message_id":433,"stderr":true,"stdout":"\u001b[1;38;5;39mCOMET INFO:\u001b[0m     resume_evolve       : None\n"},"type":"ws_msg"}
{"payload":{"local_timestamp":1712150228120,"message_id":434,"stderr":true,"stdout":"\u001b[1;38;5;39mCOMET INFO:\u001b[0m     save_dir            : runs\\train\\exp11\n"},"type":"ws_msg"}
{"payload":{"local_timestamp":1712150228120,"message_id":435,"stderr":true,"stdout":"\u001b[1;38;5;39mCOMET INFO:\u001b[0m     save_period         : -1\n"},"type":"ws_msg"}
{"payload":{"local_timestamp":1712150228120,"message_id":436,"stderr":true,"stdout":"\u001b[1;38;5;39mCOMET INFO:\u001b[0m     scale               : 0.5\n"},"type":"ws_msg"}
{"payload":{"local_timestamp":1712150228121,"message_id":437,"stderr":true,"stdout":"\u001b[1;38;5;39mCOMET INFO:\u001b[0m     seed                : 0\n"},"type":"ws_msg"}
{"payload":{"local_timestamp":1712150228121,"message_id":438,"stderr":true,"stdout":"\u001b[1;38;5;39mCOMET INFO:\u001b[0m     shear               : 0.0\n"},"type":"ws_msg"}
{"payload":{"local_timestamp":1712150228121,"message_id":439,"stderr":true,"stdout":"\u001b[1;38;5;39mCOMET INFO:\u001b[0m     single_cls          : False\n"},"type":"ws_msg"}
{"payload":{"local_timestamp":1712150228121,"message_id":440,"stderr":true,"stdout":"\u001b[1;38;5;39mCOMET INFO:\u001b[0m     sync_bn             : False\n"},"type":"ws_msg"}
{"payload":{"local_timestamp":1712150228121,"message_id":441,"stderr":true,"stdout":"\u001b[1;38;5;39mCOMET INFO:\u001b[0m     translate           : 0.1\n"},"type":"ws_msg"}
{"payload":{"local_timestamp":1712150228121,"message_id":442,"stderr":true,"stdout":"\u001b[1;38;5;39mCOMET INFO:\u001b[0m     upload_dataset      : False\n"},"type":"ws_msg"}
{"payload":{"local_timestamp":1712150228121,"message_id":443,"stderr":true,"stdout":"\u001b[1;38;5;39mCOMET INFO:\u001b[0m     val_conf_threshold  : 0.001\n"},"type":"ws_msg"}
{"payload":{"local_timestamp":1712150228122,"message_id":444,"stderr":true,"stdout":"\u001b[1;38;5;39mCOMET INFO:\u001b[0m     val_iou_threshold   : 0.6\n"},"type":"ws_msg"}
{"payload":{"local_timestamp":1712150228122,"message_id":445,"stderr":true,"stdout":"\u001b[1;38;5;39mCOMET INFO:\u001b[0m     warmup_bias_lr      : 0.1\n"},"type":"ws_msg"}
{"payload":{"local_timestamp":1712150228122,"message_id":446,"stderr":true,"stdout":"\u001b[1;38;5;39mCOMET INFO:\u001b[0m     warmup_epochs       : 3.0\n"},"type":"ws_msg"}
{"payload":{"local_timestamp":1712150228123,"message_id":447,"stderr":true,"stdout":"\u001b[1;38;5;39mCOMET INFO:\u001b[0m     warmup_momentum     : 0.8\n"},"type":"ws_msg"}
{"payload":{"local_timestamp":1712150228123,"message_id":448,"stderr":true,"stdout":"\u001b[1;38;5;39mCOMET INFO:\u001b[0m     weight_decay        : 0.0005\n"},"type":"ws_msg"}
{"payload":{"local_timestamp":1712150228123,"message_id":449,"stderr":true,"stdout":"\u001b[1;38;5;39mCOMET INFO:\u001b[0m     workers             : 8\n"},"type":"ws_msg"}
{"payload":{"local_timestamp":1712150228123,"message_id":450,"stderr":true,"stdout":"\u001b[1;38;5;39mCOMET INFO:\u001b[0m   Uploads:\n"},"type":"ws_msg"}
{"payload":{"local_timestamp":1712150228123,"message_id":451,"stderr":true,"stdout":"\u001b[1;38;5;39mCOMET INFO:\u001b[0m     asset               : 5 (340.67 KB)\n"},"type":"ws_msg"}
{"payload":{"local_timestamp":1712150228123,"message_id":452,"stderr":true,"stdout":"\u001b[1;38;5;39mCOMET INFO:\u001b[0m     environment details : 1\n"},"type":"ws_msg"}
{"payload":{"local_timestamp":1712150228123,"message_id":453,"stderr":true,"stdout":"\u001b[1;38;5;39mCOMET INFO:\u001b[0m     git metadata        : 1\n"},"type":"ws_msg"}
{"payload":{"local_timestamp":1712150228123,"message_id":454,"stderr":true,"stdout":"\u001b[1;38;5;39mCOMET INFO:\u001b[0m     installed packages  : 1\n"},"type":"ws_msg"}
{"payload":{"local_timestamp":1712150228123,"message_id":455,"stderr":true,"stdout":"\u001b[1;38;5;39mCOMET INFO:\u001b[0m     model graph         : 1\n"},"type":"ws_msg"}
{"payload":{"local_timestamp":1712150228123,"message_id":456,"stderr":true,"stdout":"\u001b[1;38;5;39mCOMET INFO:\u001b[0m \n"},"type":"ws_msg"}
