{"offline_id": "5b8d68f5c0304f7cb55509a732cd160c", "project_name": "yolov5", "start_time": 1713275567699, "stop_time": 1713275599608, "tags": [], "workspace": null, "resume_strategy": "create", "customer_error_reported": true, "customer_error_message": "Unexpected error detected in the user script: AssertionError('Label class 2 exceeds nc=1 in C:\\\\Users\\\\Drum0\\\\Desktop\\\\cattle-detection.v1i.yolov5pytorch\\\\data.yaml. Possible class labels are 0-0')", "user_provided_experiment_key": false, "comet_start_sourced": false}