{"offline_id": "0d983493689d41669b18575feb90b241", "project_name": "yolov5", "start_time": 1713275379587, "stop_time": 1713275413008, "tags": [], "workspace": null, "resume_strategy": "create", "customer_error_reported": true, "customer_error_message": "Unexpected error detected in the user script: AssertionError('Label class 2 exceeds nc=2 in C:\\\\Users\\\\Drum0\\\\Desktop\\\\cattle-detection.v1i.yolov5pytorch\\\\data.yaml. Possible class labels are 0-1')", "user_provided_experiment_key": false, "comet_start_sourced": false}